run_folder,algorithm,var_nm3,var_nm10,var_nm4,var_wnm2,var_wpm5,var_lpm5,var_wnm0,var_lpm0,var_capv,obj_Gain,obj_PM,pass_fail,run_id,is_real
nsga2_20260822_112314,nsga2,4.890338096737728,5.946356397667664,15.778393222391696,2.58641098353348e-05,3.898873375044416e-05,7.947452691513881e-06,7.757098764640686e-05,7.364544609042903e-06,9.25519791559378e-12,83.91,140.39999999999998,FAIL,,
nsga2_20260822_112314,nsga2,6.2602870198512,2.688116188274309,15.437238063909444,2.594860870172957e-05,1.18518015633358e-05,6.740812347186168e-06,7.77353064999271e-05,6.323531360003884e-06,9.255679343118123e-12,76.61,142.20000000000002,FAIL,,
nsga2_20260822_120724,nsga2,6.260932876862046,4.573177856354488,11.144556225992956,2.594860870172957e-05,6.46501469331502e-05,6.423152677606254e-06,7.839534937930412e-05,6.3239965654802855e-06,9.255679343118123e-12,83.29,48.08,FAIL,,
nsga2_20260822_120724,nsga2,6.260932876862046,10.973763011849764,11.28170877775652,2.6207059091730375e-05,6.557232202523069e-05,8.524913998356304e-06,7.545824389793044e-05,7.15364027788821e-06,8.835071576982719e-12,73.3,145.9,FAIL,,
nsga2_20260822_120724,nsga2,6.260932876862046,4.573177856354488,11.144556225992956,2.7347788188844488e-05,6.449430450987105e-05,6.802160900651692e-06,7.684363176668075e-05,6.3239965654802855e-06,9.255679343118123e-12,81.42,49.76,FAIL,,
nsga2_20260822_184355,nsga2,4.865649572846843,5.983953468395141,15.256928779970998,1.4236315271906184e-05,4.867354015083401e-05,9.817003398111766e-06,9.617722220827954e-05,7.385504437348569e-06,5.871041699926908e-12,58.71999999999999,110.9,FAIL,,
nsga2_20260825_164522,nsga2,3.334949941895178,19.375816472549985,13.497453870731777,2.158254624555722e-05,5.251688875867489e-05,8.791687481365356e-06,3.4617803499503814e-05,6.107764331752289e-06,7.1531593600558915e-12,86.75999999999999,106.2,PASS,,
nsga2_20260825_164522,nsga2,7.137690578905927,12.918178690132164,16.510423972562435,1.915847472605053e-05,9.78811640757988e-05,6.104921083600797e-06,6.0624108506836174e-05,6.560967517489156e-06,1.7967011508569826e-12,86.95,29.48,FAIL,,
nsga2_20260825_164522,nsga2,3.385019334408437,10.147310238278576,16.510423972562435,2.0360560902931413e-05,9.78811640757988e-05,6.104921083600797e-06,3.512628298713022e-05,6.107516831037472e-06,7.288078073218429e-12,83.27,108.9,FAIL,,
nsga2_20260825_164522,nsga2,4.127754008304448,19.375816472549985,13.497453870731777,2.1573854139617407e-05,9.830960415406184e-05,8.785917330972259e-06,3.4617803499503814e-05,6.107905533619925e-06,7.1531593600558915e-12,81.27,145.09999999999997,FAIL,,
nsga2_20260825_172933,nsga2,7.47999589101123,8.45544216251895,10.507625216390691,2.8572060728038622e-05,5.663386590054512e-05,7.296794172319813e-06,9.9419632469624e-05,7.6138153066220255e-06,5.414962014354169e-12,75.14,146.8,FAIL,,
nsga2_20260825_172933,nsga2,7.47999589101123,8.45544216251895,10.507625216390691,2.8572060728038622e-05,5.663386590054512e-05,7.249222842354688e-06,9.9419632469624e-05,7.6138153066220255e-06,5.414962014354169e-12,75.1125760218458,146.86340388112703,FAIL,,
nsga2_20260825_172933,nsga2,4.073056988149881,19.29285011342609,5.3008934741832245,1.045758662742996e-05,4.244440759576075e-05,6.422505592737561e-06,8.866348233211538e-05,9.281391076568462e-06,9.842575244345019e-12,87.24999999999999,112.0,PASS,,
nsga2_20260825_172933,nsga2,4.047620599041665,8.322718790462805,5.3008934741832245,1.8547375714411508e-05,4.244440759576075e-05,6.453629005866346e-06,8.941634420161448e-05,7.594249144987241e-06,5.838548541681161e-12,85.34,132.7,PASS,,
nsga2_20260825_172933,nsga2,3.2388274482226467,19.12255055823216,3.519609704286535,1.081868675512688e-05,3.7892520184335e-05,6.169454096115065e-06,8.802522038886766e-05,9.281391076568462e-06,9.599534370532683e-12,89.0,106.6,PASS,,
nsga2_20260825_172933,nsga2,7.47999589101123,8.442493690699047,10.507625216390691,1.7872368518808067e-05,5.634897034966992e-05,7.093487535655823e-06,9.934278640407718e-05,7.51149180235619e-06,5.414962014354169e-12,83.69,143.60000000000002,FAIL,,
nsga2_20260825_181403,nsga2,7.214464222061077,8.45544216251895,10.375594257752834,1.7389825319069284e-05,5.663386590054512e-05,7.111188686624308e-06,9.9419632469624e-05,7.6138153066220255e-06,5.825864372047218e-12,83.81,65.27,FAIL,,
nsga2_20260825_181403,nsga2,7.214464222061077,8.45544216251895,9.81840784154749,1.7389825319069284e-05,5.663386590054512e-05,6.560246349085522e-06,9.94876909465856e-05,7.734069439045608e-06,5.825864372047218e-12,84.12,60.2,FAIL,,
nsga2_20260825_181403,nsga2,7.47999589101123,5.341024505749508,12.580488254031415,2.8572060728038622e-05,8.269041023364082e-05,4.520758386054047e-06,9.77054651675896e-05,5.759442748747062e-06,5.438347317732178e-12,85.93,29.969999999999995,FAIL,,
nsga2_20260825_181403,nsga2,7.499920681322235,8.57237653389678,19.10630538311683,2.3871849621779752e-05,5.114647032596112e-05,8.566361473899365e-06,6.320411122728866e-05,7.850510196029824e-06,6.149958899802797e-12,79.98,148.1,FAIL,,
nsga2_20260825_181403,nsga2,7.47999589101123,5.22647408668643,12.580488254031415,2.8572060728038622e-05,7.971913246002389e-05,4.482383506100258e-06,9.92584423442822e-05,5.759442748747062e-06,6.072065033000129e-12,85.24,32.14,FAIL,,
nsga2_20260825_185716,nsga2,3.2388274482226467,18.46555157752716,5.452801734219617,1.3081021612958646e-05,4.882704061861323e-05,6.4038233681979445e-06,7.375084644285896e-05,9.292661996273447e-06,3.723843957269013e-12,89.54,106.29999999999998,PASS,,
nsga2_20260825_185716,nsga2,7.48058851545852,16.639838095831102,10.500259054086689,2.7897592781864252e-05,5.663386590054512e-05,6.617789931269568e-06,9.9419632469624e-05,6.060529511107273e-06,5.414962014354169e-12,82.91,146.9,FAIL,,
nsga2_20260825_185716,nsga2,7.47999589101123,8.45544216251895,10.507625216390691,2.8572060728038622e-05,5.663386590054512e-05,7.249567802051682e-06,9.977446047897863e-05,7.6138153066220255e-06,5.414962014354169e-12,76.7,148.2,FAIL,,
nsga2_20260825_185716,nsga2,3.499440702462468,18.46555157752716,5.452801734219617,1.29723628103684e-05,6.045555827346244e-05,6.4038233681979445e-06,9.489054882771684e-05,9.292661996273447e-06,5.471538235479816e-12,89.08,106.7,PASS,,
nsga2_20260827_141853,nsga2,6.272966629600457,9.693619715492227,13.822066811912656,3.428641157959137e-05,5.250422785899477e-05,4.911539410358523e-06,5.101034719347641e-05,3.583740721448685e-06,2.553406341359505e-12,81.25,73.78,FAIL,,
nsga2_20260827_141853,nsga2,19.71820679583796,3.9702589437333273,7.400472652669887,2.891529923284232e-05,7.504904115138555e-05,6.093304287090053e-06,3.834041697577566e-05,1.8774496018941592e-06,9.992739339349294e-12,32.31,140.2,FAIL,,
nsga2_20260827_141853,nsga2,3.647676483488625,7.0508891569125645,8.273936138344718,4.3989186449422086e-05,3.075808670108791e-05,9.713388497960056e-06,6.660311992955848e-05,3.979540121124682e-06,3.7771930712567926e-12,78.94,130.09999999999997,FAIL,,
nsga2_20260827_141853,nsga2,6.272966629600457,6.302370685098614,13.822066811912656,3.444793976382e-05,5.250422785899477e-05,4.911539410358523e-06,5.101034719347641e-05,3.583740721448685e-06,2.553406341359505e-12,81.33,68.56,FAIL,,
nsga2_20260827_141853,nsga2,6.687335556911206,13.322778293213352,2.12577328228637,3.944606489436121e-06,2.811645147771436e-05,4.857939081768927e-06,4.881251864827466e-05,3.860008274722297e-06,1.870517874540717e-12,73.54,136.7,FAIL,,
nsga2_20260827_141853,nsga2,6.272454574670261,13.30358208559648,14.217788323854036,3.249399686521677e-05,2.811645147771436e-05,4.857939081768927e-06,4.978390987660292e-05,3.5868763061847745e-06,2.3224230868858308e-12,78.58,130.6,FAIL,,
nsga2_20260827_141853,nsga2,3.647676483488625,7.0508891569125645,8.273936138344718,4.448611117926501e-05,3.075808670108791e-05,9.713388497960056e-06,8.266732559314527e-05,3.979540121124682e-06,3.7771930712567926e-12,79.61,128.4,FAIL,,
nsga2_20260827_141853,nsga2,3.0107079838852018,16.77298100179959,17.883130861221215,1.896641146742638e-05,7.261114645643987e-05,7.54271246579274e-06,4.32323235394835e-05,8.629694560520226e-06,9.809207644557904e-12,80.12,105.2,FAIL,,
nsga2_20260827_141853,nsga2,6.272966629600457,6.302370685098614,13.822066811912656,3.444793976382e-05,5.269121205589612e-05,4.911539410358523e-06,5.101034719347641e-05,3.583740721448685e-06,2.553406341359505e-12,81.34,68.29,FAIL,,
nsga2_20260827_141853,nsga2,6.2729786699653625,13.499678164454927,13.83536877539714,3.449699895253788e-05,5.244093430796958e-05,4.911539410358523e-06,4.978917419785871e-05,3.583754945924777e-06,2.5595261308216385e-12,81.13,76.13,FAIL,,
nsga2_20260827_174615,nsga2,4.890338096737728,5.946356397667664,15.778393222391696,2.58641098353348e-05,3.898873375044416e-05,7.947452691513881e-06,7.757098764640686e-05,7.364544609042903e-06,9.25519791559378e-12,83.91,140.39999999999998,FAIL,,
nsga2_20260827_174615,nsga2,6.2602870198512,2.688116188274309,15.437238063909444,2.594860870172957e-05,1.18518015633358e-05,6.740812347186168e-06,7.77353064999271e-05,6.323531360003884e-06,9.255679343118123e-12,76.61,142.20000000000002,FAIL,,
nsga2_20260827_181447,nsga2,6.66509872249107,15.093376921317278,14.721131354700232,1.1170156601069584e-05,8.303972136514893e-05,6.74769600329581e-06,6.798976773653646e-05,8.242517831095783e-06,6.849233265952594e-12,78.4,119.5,FAIL,,
nsga2_20260827_181447,nsga2,15.692263183327512,1.5765741455869526,14.432336817456846,1.889991852388e-05,9.358015536374508e-06,6.774750640565e-06,9.316694631771304e-05,2.4683160967695117e-06,7.682597209816312e-12,40.35,154.8,FAIL,,
nsga2_20260827_181447,nsga2,6.66509872249107,15.093376921317278,14.721131354700232,1.773326946285629e-05,8.303972136514893e-05,6.74769600329581e-06,6.798976773653646e-05,8.242517831095783e-06,6.849233265952594e-12,84.78,44.93999999999999,FAIL,,
nsga2_20260827_181447,nsga2,6.66509872249107,15.093376921317278,14.721131354700232,1.1170156601069584e-05,8.303972136514893e-05,6.74769600329581e-06,6.798976773653646e-05,8.289935120620506e-06,6.822630953035119e-12,76.68,120.0,FAIL,,
nsga2_20260828_001842,nsga2,3.646532366260545,4.408371293770228,8.352725931580943,3.22832940307416e-05,2.8590069353228078e-05,8.374674606380945e-06,5.9802542480561646e-05,4.03683615577536e-06,9.56957711038207e-12,79.86,154.2,FAIL,20260828_001842,1
nsga2_20260828_001842,nsga2,7.296431145637839,16.77007337175527,14.406165834971453,1.886655235947468e-05,7.298056039982786e-05,6.358578837608601e-06,9.338264291609242e-05,8.77210831817888e-06,9.57040740159578e-12,86.91999999999999,131.5,PASS,20260828_001842,1
nsga2_20260828_001842,nsga2,7.4949857743500115,6.350612613982103,13.823147701085796,1.8299829051921287e-05,3.162483163821322e-05,5.454059229352553e-06,9.549861444956439e-05,8.787659162005077e-06,7.60974128183807e-12,82.43,150.1,FAIL,20260828_001842,1
nsga2_20260828_001842,nsga2,3.8281556315035354,16.809082057671887,14.403102851788022,3.2433631750917603e-05,7.298824127149937e-05,4.932998085645975e-06,9.338264291609242e-05,8.320440370978496e-06,9.476046159759503e-12,88.1,127.2,PASS,20260828_001842,1
nsga2_20260828_001842,nsga2,7.460923204094417,16.77298100179959,14.465700688113326,1.838692678740622e-05,7.408762726788688e-05,6.601089049285051e-06,9.335860052632121e-05,8.629694560520226e-06,7.422441185173048e-12,87.29,130.4,PASS,20260828_001842,1
nsga2_20260828_001842,nsga2,7.4949857743500115,6.350612613982103,13.823147701085796,1.8299829051921287e-05,3.179671367238166e-05,5.442288523959138e-06,9.549861444956439e-05,8.645712871129781e-06,7.60974128183807e-12,82.39,150.8,FAIL,20260828_001842,1
nsga2_20260828_001842,nsga2,3.8281556315035354,17.12008606230773,14.50237539153736,3.226696967909256e-05,7.298824127149937e-05,4.970735227403581e-06,5.975284251527401e-05,8.359209535483168e-06,9.254323509320763e-12,86.75,146.5,PASS,20260828_001842,1
nsga2_20260828_001842,nsga2,3.646532366260545,4.408371293770228,8.413433159352335,3.22832940307416e-05,2.8418187319059638e-05,8.386444940588663e-06,5.9802542480561646e-05,4.161781421422486e-06,9.371427507240935e-12,80.01,153.0,FAIL,20260828_001842,1
nsga2_20260828_001842,nsga2,4.900480172188689,6.274058505346476,8.355723928153147,3.0727247567705755e-05,3.183709374051391e-05,8.618091439825802e-06,5.9802542480561646e-05,3.8011147996770325e-06,9.818938771371196e-12,78.56,155.30000000000004,FAIL,20260828_001842,1
nsga2_20260828_001842,nsga2,3.5488329722576206,16.560482240446703,8.223900908607455,1.811275875629219e-05,7.43477747811029e-05,6.361160221667747e-06,9.338264291609242e-05,8.623706866674642e-06,9.57040740159578e-12,89.94000000000001,124.69999999999999,PASS,20260828_001842,1
nsga2_20260828_081956,nsga2,4.867412703487644,5.956695848103986,5.5477216526780255,1.4236315271906184e-05,4.867354015083401e-05,9.678201079361269e-06,9.704722401221916e-05,7.385504437348569e-06,5.871041699926908e-12,83.78,136.7,FAIL,20260828_081956,1
nsga2_20260828_095030,nsga2,3.1062092524234535,16.77298100179959,11.90659847002709,1.9019818262163903e-05,7.261114645643987e-05,8.381758972429155e-06,4.4157840076783945e-05,8.629694560520226e-06,6.7670893860291404e-12,89.84999999999998,110.6,PASS,20260828_095030,1
nsga2_20260828_095030,nsga2,2.612096615714593,7.671278847343471,5.011340471961262,4.3768457516612356e-05,7.101339412278114e-05,3.4884972862400214e-06,7.891484360270383e-05,4.5876731821122374e-06,9.827075276244203e-12,83.39,151.5,FAIL,20260828_095030,1
nsga2_20260828_102807,nsga2,3.647676483488625,18.22404636614561,5.296174239816021,4.270601557030863e-05,3.0839891193552746e-05,9.713388497960056e-06,5.19280710976019e-05,3.5635083082775828e-06,3.541901654482116e-12,51.230000000000004,105.5,FAIL,20260828_102807,1
nsga2_20260828_102807,nsga2,6.272966629600457,9.693619715492229,13.822066811912656,3.428641157959137e-05,5.250422785899477e-05,4.911539410358523e-06,5.101034719347641e-05,3.583740721448685e-06,2.5534063413595052e-12,81.25,73.78,FAIL,20260828_102807,1
nsga2_20260828_102807,nsga2,3.1062092524234535,16.77298100179959,17.880692120360976,1.896641146742638e-05,7.261114645643987e-05,7.5459566234523e-06,4.4157840076783945e-05,8.629694560520226e-06,9.809207644557905e-12,79.88,105.0,FAIL,20260828_102807,1
nsga2_20260828_102807,nsga2,17.046510367517907,3.581470636945459,17.257528382429616,2.898917333857049e-05,3.878462101637711e-05,5.076544925790443e-06,3.982263413947526e-05,3.331670475235269e-06,9.676070958887376e-12,41.599999999999994,116.3,FAIL,20260828_102807,1
nsga2_20260828_102807,nsga2,19.71820679583796,3.9702589437333273,7.400472652669887,2.891529923284232e-05,7.504904115138555e-05,6.093304287090053e-06,3.834041697577566e-05,1.8774496018941592e-06,9.992739339349294e-12,32.31,140.2,FAIL,20260828_102807,1
nsga2_20260828_102807,nsga2,17.046510367517907,3.5030732252617396,17.257528382429616,2.898917333857049e-05,3.878462101637711e-05,5.076544925790443e-06,3.982263413947526e-05,3.3599271808447524e-06,9.547183360764035e-12,44.65109686507936,111.25083785714286,FAIL,20260828_102807,0
nsga2_20260828_102807,nsga2,19.07901511339822,5.710873658760003,16.740452820216085,8.023844294403324e-06,5.2955301744849034e-05,1.7912362381948128e-06,2.1633865752332587e-05,7.91426088212e-06,5.1199169429088946e-12,38.61,135.9,FAIL,20260828_102807,1
nsga2_20260828_102807,nsga2,19.07901511339822,5.710873658760003,16.740452820216085,8.023844294403324e-06,5.231481671216026e-05,1.338848491928262e-06,2.1633865752332587e-05,7.91426088212e-06,5.1199169429088946e-12,44.190192380952375,111.324965,FAIL,20260828_102807,0
nsga2_20260828_103845,nsga2,6.272966629600457,9.693619715492229,13.822066811912656,3.428641157959137e-05,5.250422785899477e-05,4.911539410358523e-06,5.101034719347641e-05,3.583740721448685e-06,2.5534063413595052e-12,81.25,73.78,FAIL,20260828_103845,1
nsga2_20260828_103845,nsga2,3.1062092524234535,16.77298100179959,17.880692120360976,1.896641146742638e-05,7.261114645643987e-05,7.5459566234523e-06,4.4157840076783945e-05,8.629694560520226e-06,9.809207644557905e-12,79.88,105.0,FAIL,20260828_103845,1
nsga2_20260828_103845,nsga2,17.046510367517907,3.581470636945459,17.257528382429616,2.898917333857049e-05,3.878462101637711e-05,5.076544925790443e-06,3.982263413947526e-05,3.331670475235269e-06,9.676070958887376e-12,41.599999999999994,116.3,FAIL,20260828_103845,1
nsga2_20260828_103845,nsga2,19.71820679583796,3.9702589437333273,7.400472652669887,2.891529923284232e-05,7.504904115138555e-05,6.093304287090053e-06,3.834041697577566e-05,1.8774496018941592e-06,9.992739339349294e-12,32.31,140.2,FAIL,20260828_103845,1
nsga2_20260828_103845,nsga2,3.647676483488625,17.062234306938354,5.318178454412129,4.452215241465196e-05,3.075808670108791e-05,9.713388497960056e-06,6.679126468789464e-05,3.912616063523638e-06,3.541901654482116e-12,58.66,110.9,FAIL,20260828_103845,1
nsga2_20260828_103845,nsga2,17.046510367517907,3.5030732252617396,17.257528382429616,2.898917333857049e-05,3.878462101637711e-05,5.076544925790443e-06,3.982263413947526e-05,3.3599271808447524e-06,9.547183360764035e-12,41.83,113.59999999999998,FAIL,20260828_103845,1
nsga2_20260828_104606,nsga2,6.272966629600457,9.693619715492229,13.822066811912656,3.428641157959137e-05,5.250422785899477e-05,4.911539410358523e-06,5.101034719347641e-05,3.583740721448685e-06,2.5534063413595052e-12,81.25,73.78,FAIL,20260828_104606,1
nsga2_20260828_104606,nsga2,3.1062092524234535,16.77298100179959,17.880692120360976,1.896641146742638e-05,7.261114645643987e-05,7.5459566234523e-06,4.4157840076783945e-05,8.629694560520226e-06,9.809207644557905e-12,79.88,105.0,FAIL,20260828_104606,1
nsga2_20260828_104606,nsga2,17.046510367517907,3.581470636945459,17.257528382429616,2.898917333857049e-05,3.878462101637711e-05,5.076544925790443e-06,3.982263413947526e-05,3.331670475235269e-06,9.676070958887376e-12,41.599999999999994,116.3,FAIL,20260828_104606,1
nsga2_20260828_104606,nsga2,19.71820679583796,3.9702589437333273,7.400472652669887,2.891529923284232e-05,7.504904115138555e-05,6.093304287090053e-06,3.834041697577566e-05,1.8774496018941592e-06,9.992739339349294e-12,32.31,140.2,FAIL,20260828_104606,1
nsga2_20260828_104606,nsga2,3.647676483488625,17.062234306938354,5.318178454412129,4.452215241465196e-05,3.075808670108791e-05,9.713388497960056e-06,6.679126468789464e-05,3.912616063523638e-06,3.541901654482116e-12,58.66,110.9,FAIL,20260828_104606,1
nsga2_20260828_104606,nsga2,17.046510367517907,3.5030732252617396,17.257528382429616,2.898917333857049e-05,3.878462101637711e-05,5.076544925790443e-06,3.982263413947526e-05,3.3599271808447524e-06,9.547183360764035e-12,41.83,113.59999999999998,FAIL,20260828_104606,1
nsga2_20260828_105926,nsga2,3.647676483488625,18.22404636614561,5.296174239816021,4.270601557030863e-05,3.0839891193552746e-05,9.713388497960056e-06,5.19280710976019e-05,3.5635083082775828e-06,3.541901654482116e-12,51.230000000000004,105.5,FAIL,20260828_105926,1
nsga2_20260828_105926,nsga2,6.272966629600457,9.693619715492229,13.822066811912656,3.428641157959137e-05,5.250422785899477e-05,4.911539410358523e-06,5.101034719347641e-05,3.583740721448685e-06,2.5534063413595052e-12,81.25,73.78,FAIL,20260828_105926,1
nsga2_20260828_105926,nsga2,3.1062092524234535,16.77298100179959,17.880692120360976,1.896641146742638e-05,7.261114645643987e-05,7.5459566234523e-06,4.4157840076783945e-05,8.629694560520226e-06,9.809207644557905e-12,79.88,105.0,FAIL,20260828_105926,1
nsga2_20260828_105926,nsga2,17.046510367517907,3.581470636945459,17.257528382429616,2.898917333857049e-05,3.878462101637711e-05,5.076544925790443e-06,3.982263413947526e-05,3.331670475235269e-06,9.676070958887376e-12,41.599999999999994,116.3,FAIL,20260828_105926,1
nsga2_20260828_105926,nsga2,19.71820679583796,3.9702589437333273,7.400472652669887,2.891529923284232e-05,7.504904115138555e-05,6.093304287090053e-06,3.834041697577566e-05,1.8774496018941592e-06,9.992739339349294e-12,32.31,140.2,FAIL,20260828_105926,1
nsga2_20260828_105926,nsga2,17.046510367517907,3.5030732252617396,17.257528382429616,2.898917333857049e-05,3.878462101637711e-05,5.076544925790443e-06,3.982263413947526e-05,3.3599271808447524e-06,9.547183360764035e-12,44.65109686507936,111.25083785714286,FAIL,20260828_105926,0
nsga2_20260828_105926,nsga2,19.07901511339822,5.710873658760003,16.740452820216085,8.023844294403324e-06,5.2955301744849034e-05,1.7912362381948128e-06,2.1633865752332587e-05,7.91426088212e-06,5.1199169429088946e-12,38.61,135.9,FAIL,20260828_105926,1
nsga2_20260828_105926,nsga2,19.07901511339822,5.710873658760003,16.740452820216085,8.023844294403324e-06,5.231481671216026e-05,1.338848491928262e-06,2.1633865752332587e-05,7.91426088212e-06,5.1199169429088946e-12,44.190192380952375,111.324965,FAIL,20260828_105926,0
nsga2_20260828_111115,nsga2,6.272966629600457,9.693619715492229,13.822066811912656,3.428641157959137e-05,5.250422785899477e-05,4.911539410358523e-06,5.101034719347641e-05,3.583740721448685e-06,2.5534063413595052e-12,81.25,73.78,FAIL,20260828_111115,1
nsga2_20260828_111115,nsga2,10.47942889641734,17.206271153202927,8.79506504292453,2.898917333857049e-05,3.878462101637711e-05,5.076544925790443e-06,3.982263413947526e-05,6.708111469189365e-07,2.8502072999317668e-12,46.14797666605185,124.19680131408961,FAIL,20260828_111115,0
nsga2_20260828_111115,nsga2,6.272966629600457,17.529722988351082,13.515600719301803,3.428641157959137e-05,5.2262090300139086e-05,4.906338197662106e-06,5.1252569743445513e-05,3.6429434199828635e-06,2.5534063413595052e-12,80.49463983104617,109.1987077384453,FAIL,20260828_111115,0
nsga2_20260828_111115,nsga2,9.96448600662405,16.82303538663286,17.74654309029023,2.9312194567714625e-05,3.878462101637711e-05,5.076544925790443e-06,4.0255707429921175e-05,6.024392183960744e-07,9.359036402993315e-12,67.0908209964263,123.35176162930455,FAIL,20260828_111115,0
nsga2_20260828_112108,nsga2,3.7788637477967715,18.3069086887799,5.296174239816021,3.4354316201541814e-05,3.7182753760204613e-05,9.713388497960056e-06,5.19280710976019e-05,3.5631642082854033e-06,3.541901654482116e-12,62.43,117.6,FAIL,20260828_112108,1
nsga2_20260828_112108,nsga2,5.880222184433576,16.92980173148797,8.396327706106517,2.772330587927425e-06,1.008856563407242e-05,2.9082855745722014e-06,1.844814162570429e-05,5.854718723134718e-07,5.9178165405819424e-12,47.260000000000005,141.3,FAIL,20260828_112108,1
nsga2_20260828_112108,nsga2,5.880222184433576,16.881603634873557,9.590992146161126,2.9082084092839338e-06,8.043390376489043e-05,2.9082855745722014e-06,2.8330047680653704e-05,9.221432731819594e-06,5.4768199348110936e-12,80.08,71.0,FAIL,20260828_112108,1
nsga2_20260828_112108,nsga2,6.272966629600457,9.693619715492229,13.822066811912656,3.428641157959137e-05,5.250422785899477e-05,4.911539410358523e-06,5.101034719347641e-05,3.583740721448685e-06,2.296234054326523e-12,80.08,71.0,FAIL,20260828_112108,1
nsga2_20260828_112108,nsga2,3.577449956940077,5.729497814238431,8.273668664837738,3.095604004928021e-05,4.3516617121775524e-05,1.4811598912341082e-06,3.414970285087154e-05,4.108477571365558e-06,5.113174480231311e-12,80.08,71.0,FAIL,20260828_112108,1
nsga2_20260828_112108,nsga2,6.141779366075627,9.609862776796499,13.822066811912656,4.2638110934968094e-05,5.482291848681495e-05,4.911539410358523e-06,5.0937225634465244e-05,3.5840848214408646e-06,2.5534063413595052e-12,80.08,71.0,FAIL,20260828_112108,1
nsga2_20260828_112108,nsga2,10.293537887458722,17.486551595971562,9.298577953363539,2.9525016318303692e-05,8.005595070342331e-05,5.052566367142585e-06,2.7473290149777068e-05,2.7925384191963783e-06,7.85713686592679e-12,72.47,115.3,FAIL,20260828_112108,1
nsga2_20260828_112108,nsga2,3.20651051682038,18.238628937412738,8.514630749155298,2.9288619153485397e-05,3.7182753760204613e-05,9.713388497960056e-06,5.19280710976019e-05,3.5631642082854033e-06,6.004760904062785e-12,72.47,115.3,FAIL,20260828_112108,1
nsga2_20260828_112108,nsga2,16.51795473089381,17.754864978704656,9.046811463489908,4.2462211604531126e-05,3.832948327735664e-05,7.843806416238401e-06,3.4273636021323236e-05,2.3323332349951525e-06,5.115293441436254e-12,72.47,115.3,FAIL,20260828_112108,1
nsga2_20260828_112108,nsga2,5.880222184433576,16.881603634873557,9.590992146161126,2.9082084092839338e-06,8.043390376489043e-05,2.9082855745722014e-06,2.8330047680653704e-05,9.221432731819594e-06,5.544087268842987e-12,72.47,115.3,FAIL,20260828_112108,1
nsga2_20260828_114605,nsga2,3.1062092524234535,16.77298100179959,17.880692120360976,1.896641146742638e-05,7.261114645643987e-05,7.5459566234523e-06,4.4157840076783945e-05,8.629694560520226e-06,9.809207644557905e-12,79.87987558849856,104.9991320581793,FAIL,20260828_114605,0
nsga2_20260828_114605,nsga2,6.272966629600457,16.8101434101774,9.5206802495686,3.428641157959137e-05,5.2229997228700256e-05,4.895383045458236e-06,5.101034719347641e-05,3.0537223730025977e-06,2.196126616373283e-12,70.94319381039126,107.81118454838696,FAIL,20260828_114605,0
nsga2_20260828_114605,nsga2,3.1062092524234535,16.623381510357703,17.880692120360976,1.896641146742638e-05,7.261114645643987e-05,7.5459566234523e-06,4.4157840076783945e-05,8.629694560520226e-06,9.809207644557905e-12,79.87987568658535,104.32402358941415,FAIL,20260828_114605,0
nsga2_20260828_114605,nsga2,10.47942889641734,17.206271153202927,8.79506504292453,2.898917333857049e-05,3.878462101637711e-05,5.076544925790443e-06,3.982263413947526e-05,6.708111469189365e-07,2.8502072999317668e-12,46.14797666605185,124.19680131408961,FAIL,20260828_114605,0
nsga2_20260828_114605,nsga2,3.1062092524234535,16.624629580165436,17.880692120360976,1.896641146742638e-05,7.261114645643987e-05,7.5459566234523e-06,4.4157840076783945e-05,8.629694560520226e-06,9.809207644557905e-12,79.87987568576834,104.32974819679407,FAIL,20260828_114605,0
nsga2_20260828_114605,nsga2,9.795864793003219,17.565009473654115,8.537769777592578,2.946040631110923e-05,5.225429939631942e-05,7.4607450164072876e-06,4.3992718839719095e-05,5.564421567570399e-07,3.2486588869940314e-12,57.51299981158365,123.80522472618487,FAIL,20260828_114605,0
nsga2_20260828_114605,nsga2,5.9630907250785175,11.086684273902623,13.586556016086304,4.18977694872761e-05,5.2602663890930324e-05,9.585939632282915e-06,5.218011074379374e-05,3.5928146919866407e-06,2.7083711092193095e-12,85.91406515778382,80.28330673391078,PASS,20260828_114605,0
nsga2_20260828_114605,nsga2,6.240009075825643,17.534749692585972,7.718531933132157,3.428323243129936e-05,5.225429939631942e-05,4.917443046381549e-06,5.0287279774542375e-05,3.7384211989337256e-06,2.553639737223767e-12,66.01263419526519,109.87612788641763,FAIL,20260828_114605,0
nsga2_20260828_114605,nsga2,10.763787942150408,17.068967463972893,5.150966604049845,4.4387165246012586e-05,6.59869380140593e-05,9.713388497960056e-06,6.679126468789464e-05,3.878591088217061e-06,3.5119691671959645e-12,63.27073077970133,119.24063418048438,FAIL,20260828_114605,0
nsga2_20260828_114617,nsga2,3.1062092524234535,16.77298100179959,17.880692120360976,1.896641146742638e-05,7.261114645643987e-05,7.5459566234523e-06,4.4157840076783945e-05,8.629694560520226e-06,9.809207644557905e-12,79.87987558849856,104.9991320581793,FAIL,20260828_114617,0
nsga2_20260828_114617,nsga2,6.272966629600457,16.8101434101774,9.5206802495686,3.428641157959137e-05,5.2229997228700256e-05,4.895383045458236e-06,5.101034719347641e-05,3.0537223730025977e-06,2.196126616373283e-12,70.94319381039126,107.81118454838696,FAIL,20260828_114617,0
nsga2_20260828_114617,nsga2,3.1062092524234535,16.623381510357703,17.880692120360976,1.896641146742638e-05,7.261114645643987e-05,7.5459566234523e-06,4.4157840076783945e-05,8.629694560520226e-06,9.809207644557905e-12,79.87987568658535,104.32402358941415,FAIL,20260828_114617,0
nsga2_20260828_114617,nsga2,10.47942889641734,17.206271153202927,8.79506504292453,2.898917333857049e-05,3.878462101637711e-05,5.076544925790443e-06,3.982263413947526e-05,6.708111469189365e-07,2.8502072999317668e-12,46.14797666605185,124.19680131408961,FAIL,20260828_114617,0
nsga2_20260828_114617,nsga2,3.1062092524234535,16.624629580165436,17.880692120360976,1.896641146742638e-05,7.261114645643987e-05,7.5459566234523e-06,4.4157840076783945e-05,8.629694560520226e-06,9.809207644557905e-12,79.87987568576834,104.32974819679407,FAIL,20260828_114617,0
nsga2_20260828_114617,nsga2,9.795864793003219,17.565009473654115,8.537769777592578,2.946040631110923e-05,5.225429939631942e-05,7.4607450164072876e-06,4.3992718839719095e-05,5.564421567570399e-07,3.2486588869940314e-12,57.51299981158365,123.80522472618487,FAIL,20260828_114617,0
nsga2_20260828_114617,nsga2,5.9630907250785175,11.086684273902623,13.586556016086304,4.18977694872761e-05,5.2602663890930324e-05,9.585939632282915e-06,5.218011074379374e-05,3.5928146919866407e-06,2.7083711092193095e-12,85.91406515778382,80.28330673391078,PASS,20260828_114617,0
nsga2_20260828_114617,nsga2,6.240009075825643,17.534749692585972,7.718531933132157,3.428323243129936e-05,5.225429939631942e-05,4.917443046381549e-06,5.0287279774542375e-05,3.7384211989337256e-06,2.553639737223767e-12,66.01263419526519,109.87612788641763,FAIL,20260828_114617,0
nsga2_20260828_114617,nsga2,10.763787942150408,17.068967463972893,5.150966604049845,4.4387165246012586e-05,6.59869380140593e-05,9.713388497960056e-06,6.679126468789464e-05,3.878591088217061e-06,3.5119691671959645e-12,63.27073077970133,119.24063418048438,FAIL,20260828_114617,0
nsga2_20260828_114722,nsga2,3.1062092524234535,16.77298100179959,17.880692120360976,1.896641146742638e-05,7.261114645643987e-05,7.5459566234523e-06,4.4157840076783945e-05,8.629694560520226e-06,9.809207644557905e-12,79.87987558849856,104.9991320581793,FAIL,20260828_114722,0
nsga2_20260828_114722,nsga2,6.272966629600457,16.8101434101774,9.5206802495686,3.428641157959137e-05,5.2229997228700256e-05,4.895383045458236e-06,5.101034719347641e-05,3.0537223730025977e-06,2.196126616373283e-12,70.94319381039126,107.81118454838696,FAIL,20260828_114722,0
nsga2_20260828_114722,nsga2,3.1062092524234535,16.623381510357703,17.880692120360976,1.896641146742638e-05,7.261114645643987e-05,7.5459566234523e-06,4.4157840076783945e-05,8.629694560520226e-06,9.809207644557905e-12,79.87987568658535,104.32402358941415,FAIL,20260828_114722,0
nsga2_20260828_114722,nsga2,10.47942889641734,17.206271153202927,8.79506504292453,2.898917333857049e-05,3.878462101637711e-05,5.076544925790443e-06,3.982263413947526e-05,6.708111469189365e-07,2.8502072999317668e-12,46.14797666605185,124.19680131408961,FAIL,20260828_114722,0
nsga2_20260828_114722,nsga2,3.1062092524234535,16.624629580165436,17.880692120360976,1.896641146742638e-05,7.261114645643987e-05,7.5459566234523e-06,4.4157840076783945e-05,8.629694560520226e-06,9.809207644557905e-12,79.87987568576834,104.32974819679407,FAIL,20260828_114722,0
nsga2_20260828_114722,nsga2,9.795864793003219,17.565009473654115,8.537769777592578,2.946040631110923e-05,5.225429939631942e-05,7.4607450164072876e-06,4.3992718839719095e-05,5.564421567570399e-07,3.2486588869940314e-12,57.51299981158365,123.80522472618487,FAIL,20260828_114722,0
nsga2_20260828_114722,nsga2,5.9630907250785175,11.086684273902623,13.586556016086304,4.18977694872761e-05,5.2602663890930324e-05,9.585939632282915e-06,5.218011074379374e-05,3.5928146919866407e-06,2.7083711092193095e-12,85.91406515778382,80.28330673391078,PASS,20260828_114722,0
nsga2_20260828_114722,nsga2,6.240009075825643,17.534749692585972,7.718531933132157,3.428323243129936e-05,5.225429939631942e-05,4.917443046381549e-06,5.0287279774542375e-05,3.7384211989337256e-06,2.553639737223767e-12,66.01263419526519,109.87612788641763,FAIL,20260828_114722,0
nsga2_20260828_114722,nsga2,10.763787942150408,17.068967463972893,5.150966604049845,4.4387165246012586e-05,6.59869380140593e-05,9.713388497960056e-06,6.679126468789464e-05,3.878591088217061e-06,3.5119691671959645e-12,63.27073077970133,119.24063418048438,FAIL,20260828_114722,0
nsga2_20260828_114732,nsga2,3.1062092524234535,16.77298100179959,17.880692120360976,1.896641146742638e-05,7.261114645643987e-05,7.5459566234523e-06,4.4157840076783945e-05,8.629694560520226e-06,9.809207644557905e-12,79.87987558849856,104.9991320581793,FAIL,20260828_114732,0
nsga2_20260828_114732,nsga2,6.272966629600457,16.8101434101774,9.5206802495686,3.428641157959137e-05,5.2229997228700256e-05,4.895383045458236e-06,5.101034719347641e-05,3.0537223730025977e-06,2.196126616373283e-12,70.94319381039126,107.81118454838696,FAIL,20260828_114732,0
nsga2_20260828_114732,nsga2,3.1062092524234535,16.623381510357703,17.880692120360976,1.896641146742638e-05,7.261114645643987e-05,7.5459566234523e-06,4.4157840076783945e-05,8.629694560520226e-06,9.809207644557905e-12,79.87987568658535,104.32402358941415,FAIL,20260828_114732,0
nsga2_20260828_114732,nsga2,10.47942889641734,17.206271153202927,8.79506504292453,2.898917333857049e-05,3.878462101637711e-05,5.076544925790443e-06,3.982263413947526e-05,6.708111469189365e-07,2.8502072999317668e-12,46.14797666605185,124.19680131408961,FAIL,20260828_114732,0
nsga2_20260828_114732,nsga2,3.1062092524234535,16.624629580165436,17.880692120360976,1.896641146742638e-05,7.261114645643987e-05,7.5459566234523e-06,4.4157840076783945e-05,8.629694560520226e-06,9.809207644557905e-12,79.87987568576834,104.32974819679407,FAIL,20260828_114732,0
nsga2_20260828_114732,nsga2,9.795864793003219,17.565009473654115,8.537769777592578,2.946040631110923e-05,5.225429939631942e-05,7.4607450164072876e-06,4.3992718839719095e-05,5.564421567570399e-07,3.2486588869940314e-12,57.51299981158365,123.80522472618487,FAIL,20260828_114732,0
nsga2_20260828_114732,nsga2,5.9630907250785175,11.086684273902623,13.586556016086304,4.18977694872761e-05,5.2602663890930324e-05,9.585939632282915e-06,5.218011074379374e-05,3.5928146919866407e-06,2.7083711092193095e-12,85.91406515778382,80.28330673391078,PASS,20260828_114732,0
nsga2_20260828_114732,nsga2,6.240009075825643,17.534749692585972,7.718531933132157,3.428323243129936e-05,5.225429939631942e-05,4.917443046381549e-06,5.0287279774542375e-05,3.7384211989337256e-06,2.553639737223767e-12,66.01263419526519,109.87612788641763,FAIL,20260828_114732,0
nsga2_20260828_114732,nsga2,10.763787942150408,17.068967463972893,5.150966604049845,4.4387165246012586e-05,6.59869380140593e-05,9.713388497960056e-06,6.679126468789464e-05,3.878591088217061e-06,3.5119691671959645e-12,63.27073077970133,119.24063418048438,FAIL,20260828_114732,0
nsga2_20260828_115723,nsga2,6.272966629600457,16.8101434101774,9.5206802495686,3.428641157959137e-05,5.2229997228700256e-05,4.895383045458236e-06,5.101034719347641e-05,3.0537223730025977e-06,2.196126616373283e-12,70.84168452603538,108.97292241743278,FAIL,20260828_115723,0
nsga2_20260828_115723,nsga2,10.293537887458722,17.534749692585972,8.40047394857217,1.585189956620013e-06,5.4378910536030065e-05,5.00065326978817e-06,5.1807120470903355e-05,6.382117036151285e-07,2.5545391220330058e-12,43.37229139335298,127.72824691047063,FAIL,20260828_115723,0
nsga2_20260828_115723,nsga2,10.261503610378062,17.534749692585972,17.875916987655415,1.8550921753871181e-06,5.406918090618506e-05,7.5026861434472025e-06,5.128567349493267e-05,6.382117036151285e-07,2.540617530166295e-12,60.94758280212315,126.79218510314924,FAIL,20260828_115723,0
nsga2_20260828_115723,nsga2,3.65137020529259,16.775440185653668,17.880692120360976,4.2010057643665915e-05,7.261114645643987e-05,7.5459566234523e-06,4.420749367493633e-05,8.913035350655441e-06,3.5465367503207717e-12,99.98835410961595,105.6952307449403,PASS,20260828_115723,0
nsga2_20260828_120428,nsga2,17.046510367517907,3.6665835118158125,17.21544076240445,3.4462747305226405e-05,3.878462101637711e-05,5.062069141553591e-06,3.769408827320036e-05,3.3599271808447524e-06,3.1444128003932035e-12,39.55209586224306,125.579116319635,FAIL,20260828_120428,0
nsga2_20260828_120428,nsga2,3.1062092524234535,16.77298100179959,17.880692120360976,2.1411421211005276e-05,7.261114645643987e-05,7.5459566234523e-06,4.4157840076783945e-05,8.629694560520226e-06,9.809207644557905e-12,82.51694848736561,104.9981176267849,FAIL,20260828_120428,0
nsga2_20260828_120428,nsga2,3.647676483488625,17.062234306938354,16.77858035215043,4.414749232685643e-05,4.7646631861541683e-05,7.405177702877949e-06,6.272784241151e-05,4.095661234299311e-06,9.97579095931596e-12,87.18707218136271,98.7274495964438,PASS,20260828_120428,0
nsga2_20260828_120428,nsga2,17.046510367517907,3.5773773537689193,17.21544076240445,3.4462747305226405e-05,3.878462101637711e-05,5.062069141553591e-06,3.98002935846299e-05,3.3599271808447524e-06,3.1444128003932035e-12,41.34536507466778,123.4399179650417,FAIL,20260828_120428,0
nsga2_20260828_120428,nsga2,14.080265900704166,4.896537754296306,13.767358333038183,2.898917333857049e-05,3.878462101637711e-05,5.08146262810819e-06,4.086194501906083e-05,3.5864815275479027e-06,9.329081923880588e-12,46.572694414284584,116.81223842219296,FAIL,20260828_120428,0
nsga2_20260828_120428,nsga2,17.046510367517907,3.581470636945459,17.257528382429616,2.898917333857049e-05,8.420719535186441e-05,7.893632684970238e-06,3.982263413947526e-05,1.8189614242248988e-06,9.676070958887376e-12,52.89478130062814,116.30482269849801,FAIL,20260828_120428,0
nsga2_20260828_120428,nsga2,3.1062092524234535,18.2231253614037,17.149170358860342,2.1411421211005276e-05,7.130902960597217e-05,7.435211221205438e-06,4.4076698800359825e-05,8.728551152945154e-06,9.809207644557905e-12,80.93422576024464,111.4112262288054,FAIL,20260828_120428,0
nsga2_20260828_120906,nsga2,3.1062092524234535,16.77298100179959,17.880692120360976,1.896641146742638e-05,7.261114645643987e-05,7.5459566234523e-06,4.4157840076783945e-05,8.629694560520226e-06,9.809207644557905e-12,79.87987678945753,104.99811800131906,FAIL,20260828_120906,0
nsga2_20260828_120906,nsga2,6.272966629600457,16.8101434101774,9.5206802495686,3.428641157959137e-05,5.2229997228700256e-05,4.895383045458236e-06,5.101034719347641e-05,3.0537223730025977e-06,2.196126616373283e-12,70.78866703647937,109.31186246695968,FAIL,20260828_120906,0
nsga2_20260828_120906,nsga2,3.1062092524234535,16.77298100179959,17.880692120360976,1.896641146742638e-05,7.261114645643987e-05,9.843284998723813e-06,4.135818997407108e-05,3.936575471665047e-06,9.809207644557905e-12,79.60487650780969,105.81168905837829,FAIL,20260828_120906,0
nsga2_20260828_120906,nsga2,14.080265900704166,3.50347295082416,16.867561127548278,2.898917333857049e-05,3.878462101637711e-05,5.076180579917602e-06,4.023561775884948e-05,4.138172655434563e-06,9.547183360764035e-12,52.32024548659175,114.42361554001957,FAIL,20260828_120906,0
nsga2_20260828_120906,nsga2,17.046510367517907,3.6665835118158125,17.21544076240445,3.4462747305226405e-05,3.878462101637711e-05,5.062069141553591e-06,3.769408827320036e-05,3.3599271808447524e-06,3.1444128003932035e-12,39.55209586224306,125.579116319635,FAIL,20260828_120906,0
nsga2_20260828_120906,nsga2,6.272966629600457,16.81779816466403,9.03233384573606,3.428641157959137e-05,5.2229997228700256e-05,4.895383045458236e-06,5.071835844830518e-05,3.343839725933744e-06,2.2036117156653305e-12,69.46318431431754,109.4169510102886,FAIL,20260828_120906,0
nsga2_20260828_120906,nsga2,3.1062092524234535,16.77298100179959,17.880692120360976,2.1411421211005276e-05,7.261114645643987e-05,7.5459566234523e-06,4.4157840076783945e-05,8.629694560520226e-06,9.809207644557905e-12,82.51694848736561,104.9981176267849,FAIL,20260828_120906,0
nsga2_20260828_120906,nsga2,13.880683947909572,3.50347295082416,16.013541035639726,2.9015237988800548e-05,8.271921551835954e-05,5.076180579917602e-06,4.006770181774219e-05,3.7974426634302865e-06,9.583364325512188e-12,67.94652672347743,113.5323204414476,FAIL,20260828_120906,0
nsga2_20260828_120906,nsga2,14.280955833380501,3.50347295082416,13.908400080092461,2.8026248771888793e-05,3.878462101637711e-05,4.921175549798291e-06,3.9856618031368256e-05,4.105943926509725e-06,8.946020685251768e-12,45.162345747809816,116.20805155177784,FAIL,20260828_120906,0
nsga2_20260828_120906,nsga2,17.046510367517907,3.9505296427806935,17.21544076240445,3.4462747305226405e-05,3.878462101637711e-05,5.061939789662244e-06,3.769408827320036e-05,3.3601427550101796e-06,3.1444128003932035e-12,39.552095454681464,125.6505088335987,FAIL,20260828_120906,0
nsga2_20260828_120906,nsga2,6.272966629600457,9.968142299370433,13.822066811912656,3.792741686974757e-05,5.1570802567833564e-05,1.8422303075932626e-06,5.101034719347641e-05,8.108523272071653e-06,4.897129492739734e-12,83.38234732588784,74.45488719833531,FAIL,20260828_120906,0
nsga2_20260828_120906,nsga2,17.59550603895895,3.5030732252617396,17.891741015966836,2.898917333857049e-05,7.147303267185083e-05,5.101494359101741e-06,3.982263413947526e-05,3.650344209196644e-06,9.333572195464372e-12,48.83574559545482,114.81235368260936,FAIL,20260828_120906,0
nsga2_20260828_120906,nsga2,17.046510367517907,3.585449329669058,17.257528382429616,2.898917333857049e-05,3.878462101637711e-05,5.076544925790443e-06,3.9925001037529025e-05,3.331670475235269e-06,9.048513432642904e-12,41.68995201977931,116.90035704199967,FAIL,20260828_120906,0
nsga2_20260828_120906,nsga2,6.272966629600457,16.735446704372436,9.556565603510489,3.428641157959137e-05,5.250422785899477e-05,4.911539410358523e-06,5.101034719347641e-05,4.883263805553844e-06,2.1664268057644366e-12,71.05864443200034,109.09225966422814,FAIL,20260828_120906,0
nsga2_20260828_120956,nsga2,3.1062092524234535,16.77298100179959,17.880692120360976,1.896641146742638e-05,7.261114645643987e-05,7.5459566234523e-06,4.4157840076783945e-05,8.629694560520226e-06,9.809207644557905e-12,79.8798706652587,104.99874771108881,FAIL,20260828_120956,0
nsga2_20260828_120956,nsga2,7.207678605903048,9.765756811139715,13.822066811912656,3.428641157959137e-05,5.149103171500739e-05,2.9297019573925992e-06,5.101034719347641e-05,3.6041782416350273e-06,6.098647150255146e-12,80.39140285840078,81.44452146456683,FAIL,20260828_120956,0
nsga2_20260828_120956,nsga2,9.815120903489879,17.74905134401393,19.20259402302867,4.1548329308709644e-05,3.5120825396143926e-05,5.560270450851562e-06,3.0337754566428886e-05,9.024309507363749e-06,9.818839435404066e-12,71.39634506047594,116.98323351595508,FAIL,20260828_120956,0
nsga2_20260828_120956,nsga2,6.382239471566634,10.038073516828039,16.10504240896929,4.4828650665463856e-05,6.59869380140593e-05,9.713388497960056e-06,6.679126468789464e-05,3.520448842203051e-06,3.5119691671959645e-12,101.14905797672442,78.61387068285275,PASS,20260828_120956,0
nsga2_20260828_123750,nsga2,3.1062092524234535,16.77298100179959,17.880692120360976,1.896641146742638e-05,7.261114645643987e-05,7.5459566234523e-06,4.4157840076783945e-05,8.629694560520226e-06,9.809207644557905e-12,79.87987082398159,104.99789434956553,FAIL,20260828_123750,0
nsga2_20260828_123750,nsga2,6.272966629600457,16.8101434101774,9.5206802495686,3.428641157959137e-05,5.2229997228700256e-05,4.895383045458236e-06,5.101034719347641e-05,3.0537223730025977e-06,2.196126616373283e-12,70.68127109649254,109.12616709035889,FAIL,20260828_123750,0
nsga2_20260828_123750,nsga2,6.272966629600457,16.8101434101774,9.5206802495686,3.428641157959137e-05,5.2230159536333654e-05,4.911336011763921e-06,5.101034719347641e-05,3.5579496529545756e-06,2.5525941062734053e-12,70.68137468181843,109.11999630369175,FAIL,20260828_123750,0
nsga2_20260828_123750,nsga2,12.504792845793691,10.797205041486194,13.818456657368177,5.239072171811844e-06,5.327486118718121e-05,8.763995337533042e-06,6.8165360062768e-05,2.9933216122614836e-06,2.3447341052288944e-12,64.8354354378648,109.21280356586907,FAIL,20260828_123750,0
nsga2_20260828_123750,nsga2,3.5989938402186006,16.843303269448878,7.365751768631794,3.2559229114234445e-05,8.380510687808783e-05,7.872303496599526e-06,3.37544491589259e-05,1.9128895773579406e-06,5.1206595789782996e-12,77.119249886492,105.99205777105871,FAIL,20260828_123750,0
nsga2_20260828_123750,nsga2,17.046510367517907,4.984172140656424,16.92990925713889,7.011628854501846e-06,3.878462101637711e-05,8.546167447531561e-06,4.0240050837528754e-05,3.3599271808447524e-06,2.4459827350930337e-12,43.813056582766556,124.42420367581187,FAIL,20260828_123750,0
nsga2_20260828_123750,nsga2,17.046510367517907,5.937032069502209,17.882315058095454,7.011628854501846e-06,3.878462101637711e-05,2.0794573370279223e-06,3.982263413947526e-05,3.332991365278903e-06,9.155328019003032e-12,45.02301975772682,117.54781895022431,FAIL,20260828_123750,0
nsga2_20260828_123750,nsga2,3.1062092524234535,16.769599034552645,17.76961702611537,1.907981282437092e-05,8.302332488799873e-05,7.5459566234523e-06,4.4157840076783945e-05,8.629694560520226e-06,4.556542079421342e-12,85.34394307638264,103.26346058062992,PASS,20260828_123750,0
nsga2_20260828_123750,nsga2,3.1062092524234535,16.514891999725556,17.880692120360976,1.939911257554243e-05,7.261114645643987e-05,7.531410553962824e-06,4.167571920863277e-05,8.629694560520226e-06,9.295548356616308e-12,80.11421747988017,104.16715429271939,FAIL,20260828_123750,0
nsga2_20260828_123750,nsga2,12.564092915806517,10.78799024392081,13.804819756299151,3.426971001498745e-05,2.520261928380943e-05,8.74388571463949e-06,6.491819798015487e-05,2.2718972557144915e-06,2.3425550282428243e-12,58.41670078532152,114.06400220107763,FAIL,20260828_123750,0
nsga2_20260828_123750,nsga2,3.5989938402186006,16.846685236695823,7.476113803382395,3.244582775712332e-05,7.339292844647503e-05,7.872303496599526e-06,3.7965611863636085e-05,1.9128895773579406e-06,8.697270553703198e-12,73.3951931798827,106.95610342678266,FAIL,20260828_123750,0
nsga2_20260828_124018,nsga2,3.5989938402186006,5.565435431473985,16.783913514807903,3.2596509715257325e-05,8.204453448596698e-05,7.872303496599526e-06,3.414970285087154e-05,2.8723130798938405e-06,2.0180899426510067e-12,95.03263057959992,15.896976011784375,FAIL,20260828_124018,0
nsga2_20260828_124018,nsga2,16.136358630473513,13.326966104522901,16.48516437345505,2.898917333857049e-05,5.007904585735811e-05,4.895492212027168e-06,4.943892810335206e-05,1.8108400203473811e-06,7.568900031679341e-12,55.591878575651116,125.58977402857487,FAIL,20260828_124018,0
nsga2_20260828_124018,nsga2,9.007113202866805,16.623381510357703,18.146699974618517,1.896641146742638e-05,8.057260379441704e-05,2.2703524492572677e-06,4.167571920863277e-05,2.7797766888584736e-06,9.809207644557905e-12,87.02592781738298,120.49776109720631,PASS,20260828_124018,0
nsga2_20260828_124018,nsga2,3.5989938402186006,5.729497814238431,13.892774034256785,3.304347898906578e-05,8.380510687808783e-05,7.86308176311725e-06,9.246203634569144e-05,3.575473604948546e-06,2.571798364234266e-12,87.35924069798216,82.78407683295232,PASS,20260828_124018,0
nsga2_20260828_124201,nsga2,6.272966629600457,9.693619715492229,15.591614819057336,4.437368355254475e-05,5.250422785899477e-05,9.97112106890338e-06,5.5491699778890305e-05,3.905288352463714e-06,2.5534063413595052e-12,79.34,141.39999999999998,FAIL,20260828_124201,1
nsga2_20260828_124201,nsga2,3.5989938402186006,3.613245220625032,9.321961410354575,2.8957190027713204e-05,8.559270446157987e-05,7.872303496599526e-06,3.99232170549624e-05,2.2402419563815175e-06,4.838698816043833e-12,91.92867446493612,122.62732975320324,PASS,20260828_124201,0
nsga2_20260828_124201,nsga2,3.647676483488625,17.062234306938354,5.367743274858705,2.9056107657861888e-05,3.0992466695002885e-05,4.16161096600624e-06,6.350012077884149e-05,3.591068432508609e-06,3.541901654482116e-12,85.23882979316035,139.79330766230322,PASS,20260828_124201,0
nsga2_20260903_012903,nsga2,4.865649572846843,5.983953468395141,15.256928779970998,1.4236315271906184e-05,4.867354015083401e-05,9.817003398111766e-06,9.617722220827954e-05,7.385504437348569e-06,5.871041699926908e-12,58.71999999999999,110.9,FAIL,20260903_012903,1
nsga2_20260903_012903,nsga2,6.260932876862046,4.05238816672741,19.42858285110652,2.594860870172957e-05,1.18518015633358e-05,6.423152677606254e-06,7.77353064999271e-05,6.323531360003884e-06,9.255679343118123e-12,70.3,104.3,FAIL,20260903_012903,1
nsga2_20260904_232554,nsga2,1.523623151618299,15.107509859180043,11.032636563258935,4.769340108907466e-05,2.994900361173417e-05,3.3803508782706268e-06,4.5513739581220955e-05,1.7733961238480651e-06,6.063717857072026e-12,60.79,110.3,FAIL,20260904_232554,1
nsga2_20260904_232820,nsga2,10.814985688374938,12.275426837362218,17.380241713244935,2.207785245810851e-05,8.92563389636743e-05,6.330310914824578e-06,8.298680574291616e-05,5.231532521713855e-06,7.2326631864697605e-12,81.69,28.919999999999998,FAIL,20260904_232820,1
nsga2_20260904_232820,nsga2,7.441482118336891,10.933741574551513,5.1082444293612745,5.304969020318298e-06,4.148831753120593e-06,7.1685200256669e-06,4.580613290189114e-05,9.028474397385167e-06,8.516648842230516e-12,74.49,96.48,FAIL,20260904_232820,1
nsga2_20260904_232820,nsga2,3.140024247115047,1.3783042279110085,16.82694231957999,5.240732561252247e-06,4.5223278194510685e-05,5.140736444297709e-06,6.214115911584116e-05,5.288137582815168e-06,9.436088293560713e-12,43.88,133.8,FAIL,20260904_232820,1
nsga2_20260904_232820,nsga2,19.655783520706873,9.471527708889063,7.049466982209845,2.735965461285677e-06,3.914264984459256e-05,3.977371043990313e-06,5.2491034569129775e-05,5.644619315740879e-07,2.3316659226119667e-12,0.23550000000000626,148.6,FAIL,20260904_232820,1
nsga2_20260904_232820,nsga2,4.895412901663638,5.898554873692132,9.84629191891322,4.0968876487492826e-05,1.2027272606984424e-05,9.693955886555433e-06,9.440790341278056e-05,2.824270909080018e-06,6.767036735517377e-12,56.050000000000004,124.80000000000001,FAIL,20260904_232820,1
nsga2_20260904_232820,nsga2,7.441482118336891,12.28698606837009,5.1082444293612745,2.1401126561913592e-05,4.148831753120593e-06,7.1432460160086166e-06,4.482033493939071e-05,9.09652806127933e-06,8.516648842230516e-12,67.24864794324611,96.51667116471837,FAIL,20260904_232820,0
nsga2_20260904_232820,nsga2,10.950442173059983,8.597889824325875,11.807734806093244,4.974877798272685e-05,7.12464611723399e-05,7.5464183328220746e-06,8.392529141466572e-05,3.043560046206604e-06,7.14656232293837e-12,61.207477374826254,101.52598519162571,FAIL,20260904_232820,0
nsga2_20260904_232820,nsga2,10.814985688374938,10.92218234354364,17.380241713244935,5.9818298027893165e-06,8.699900077604329e-05,6.355584924482862e-06,8.397253701025685e-05,5.163270938557784e-06,7.2326631864697605e-12,77.2470471378265,62.43049383877887,FAIL,20260904_232820,0
nsga2_20260904_233403,nsga2,10.814985688374938,12.275426837362218,17.380241713244935,2.207785245810851e-05,8.92563389636743e-05,6.330310914824578e-06,8.298680574291616e-05,5.231532521713855e-06,7.2326631864697605e-12,81.69,28.919999999999998,FAIL,20260904_233403,1
nsga2_20260904_233403,nsga2,19.655783520706873,9.471527708889063,7.049466982209845,2.735965461285677e-06,3.914264984459256e-05,3.977371043990313e-06,5.2491034569129775e-05,5.644619315740879e-07,2.3316659226119667e-12,0.23550000000000626,148.6,FAIL,20260904_233403,1
nsga2_20260904_233403,nsga2,4.895412901663638,5.898554873692132,9.84629191891322,4.0968876487492826e-05,1.2027272606984424e-05,9.693955886555433e-06,9.440790341278056e-05,2.824270909080018e-06,6.767036735517377e-12,56.04994960435717,124.799754581119,FAIL,20260904_233403,0
nsga2_20260904_233403,nsga2,4.226644804560557,12.275426837362218,17.62527722421465,2.2234103216329815e-05,8.973364908534544e-05,6.784941316035855e-06,8.298680574291616e-05,5.237824527508831e-06,3.2812427860981008e-12,59.1700992940994,107.59803170595927,FAIL,20260904_233403,0
nsga2_20260904_233403,nsga2,5.640489245505074,9.369585856225253,2.181737721663813,3.5819823253274833e-05,4.286402196497126e-05,6.88760874030404e-06,9.041849545281296e-05,1.0646312216410735e-06,2.881537472394812e-12,44.20725664253367,136.94422513675946,FAIL,20260904_233403,0
nsga2_20260904_233403,nsga2,10.499038437294038,8.42153180704654,11.562683549556553,4.783879530212101e-05,7.655801042682541e-05,7.437403991783332e-06,9.727989026491917e-05,3.037268040595175e-06,7.286575376249142e-12,76.16170755464032,99.4640256717861,FAIL,20260904_233403,0
nsga2_20260904_233403,nsga2,12.852934787044246,15.642544360195611,6.778601161755747,9.48469341616502e-06,2.9400115199962504e-05,9.10646258557883e-06,9.614173355716714e-05,8.736243153644726e-06,8.046489767598197e-12,58.63,123.29999999999998,FAIL,20260904_233403,1
nsga2_20260904_233403,nsga2,10.835439763041865,12.275426837362218,7.968929775770433,2.207785245810851e-05,8.915667661222747e-05,7.026488379963102e-06,8.390252222049768e-05,5.231532521713855e-06,5.244158069473193e-12,64.56649160244622,99.54816048536176,FAIL,20260904_233403,0
nsga2_20260904_234028,nsga2,7.441482118336891,10.933741574551513,5.1082444293612745,5.304969020318298e-06,4.148831753120593e-06,7.1685200256669e-06,4.580613290189114e-05,9.028474397385167e-06,8.516648842230516e-12,74.49,96.48,FAIL,20260904_234028,1
nsga2_20260904_234028,nsga2,3.140024247115047,1.3783042279110085,16.82694231957999,5.240732561252247e-06,4.5223278194510685e-05,5.140736444297709e-06,6.214115911584116e-05,5.288137582815168e-06,9.436088293560713e-12,43.88,133.8,FAIL,20260904_234028,1
nsga2_20260904_234028,nsga2,19.655783520706873,9.471527708889063,7.049466982209845,2.735965461285677e-06,3.914264984459256e-05,3.977371043990313e-06,5.2491034569129775e-05,5.644619315740879e-07,2.3316659226119667e-12,0.23550000000000626,148.6,FAIL,20260904_234028,1
nsga2_20260904_234028,nsga2,4.895412901663638,5.898554873692132,9.84629191891322,4.0968876487492826e-05,1.2027272606984424e-05,9.693955886555433e-06,9.440790341278056e-05,2.824270909080018e-06,6.767036735517377e-12,56.049995205280844,124.79975074847083,FAIL,20260904_234028,0
nsga2_20260904_234028,nsga2,10.499038437294038,8.42153180704654,11.562683549556553,4.783879530212101e-05,7.655801042682541e-05,7.437403991783332e-06,9.727989026491917e-05,3.037268040595175e-06,7.286575376249142e-12,74.2858749093983,104.6948798311879,FAIL,20260904_234028,0
nsga2_20260904_234028,nsga2,12.852934787044246,15.642544360195611,6.778601161755747,9.48469341616502e-06,2.9400115199962504e-05,9.10646258557883e-06,9.614173355716714e-05,8.736243153644726e-06,8.046489767598197e-12,58.629563586078234,123.2996753833573,FAIL,20260904_234028,0
nsga2_20260904_234028,nsga2,10.814985688374938,12.275426837362218,17.519185302004686,2.207785245810851e-05,8.92563389636743e-05,5.405331015861209e-06,8.487373243822983e-05,5.231532521713855e-06,9.140419913946855e-12,83.38731640418796,30.516847528276056,FAIL,20260904_234028,0
nsga2_20260904_234917,nsga2,4.890338096737728,5.946356397667664,15.778393222391696,2.58641098353348e-05,3.898873375044416e-05,7.947452691513881e-06,7.757098764640686e-05,7.364544609042903e-06,9.255197915593779e-12,83.91,140.39999999999998,FAIL,20260904_234917,1
nsga2_20260904_234917,nsga2,6.2602870198512,2.688116188274309,15.437238063909444,2.594860870172957e-05,1.18518015633358e-05,6.740812347186168e-06,7.77353064999271e-05,6.323531360003884e-06,9.255679343118123e-12,76.61,142.20000000000002,FAIL,20260904_234917,1
nsga2_20260904_235520,nsga2,4.865649572846843,5.983953468395141,15.256928779970998,1.4236315271906184e-05,4.867354015083401e-05,9.817003398111766e-06,9.617722220827954e-05,7.385504437348569e-06,5.871041699926908e-12,58.71999999999999,110.9,FAIL,20260904_235520,1
nsga2_20260904_235520,nsga2,6.260932876862046,4.05238816672741,19.42858285110652,2.594860870172957e-05,1.18518015633358e-05,6.423152677606254e-06,7.77353064999271e-05,6.323531360003884e-06,9.255679343118123e-12,70.3,104.3,FAIL,20260904_235520,1
nsga2_20260904_235520,nsga2,4.865649572846843,5.983953468395141,15.256928779970998,1.4236315271906184e-05,4.867354015083401e-05,9.817003398111766e-06,9.899556204288779e-05,6.674598053483085e-06,5.871041699926908e-12,59.65665266572247,110.8999022616465,FAIL,20260904_235520,0
nsga2_20260904_235520,nsga2,6.259768111024644,4.05238816672741,19.42858285110652,2.594860870172957e-05,9.639915457641803e-06,6.423152677606254e-06,7.574776706606997e-05,6.653699807389542e-06,9.255679343118123e-12,74.08413931786916,103.51855060974084,FAIL,20260904_235520,0
nsga2_20260905_000156,nsga2,6.09532433535391,13.447037743729968,9.193308226770718,4.425967274829758e-05,1.2011696307332449e-05,8.186391190997482e-06,3.441841790098156e-05,6.3775749313059665e-06,9.25485147680142e-12,65.00981922669848,113.18818551757494,FAIL,20260905_000156,0
nsga2_20260905_000156,nsga2,4.865649572846843,5.983953468395141,15.371636487894774,2.938121332662234e-05,4.69529142253024e-05,9.817003398111766e-06,9.617722220827954e-05,4.665207391651916e-06,4.204479254086758e-12,56.32341541783286,116.2135569781581,FAIL,20260905_000156,0
nsga2_20260905_000156,nsga2,4.865649572846843,5.983953468395141,15.304920211727664,2.938121332662234e-05,4.691956511267929e-05,9.838503234205661e-06,9.617722220827954e-05,4.643975083495707e-06,8.567056848023298e-12,51.449045457086065,116.38216366657339,FAIL,20260905_000156,0
nsga2_20260905_000156,nsga2,4.876760768904629,4.077537917782132,14.99009312409561,2.5343061063541547e-05,1.1242808158731898e-05,6.6127281600481605e-06,7.77353064999271e-05,6.323531360003884e-06,9.255679343118123e-12,69.32511413995127,111.549145732593,FAIL,20260905_000156,0
nsga2_20260905_000156,nsga2,4.8267497498512775,4.079400918262366,15.088755917412415,2.5343061063541547e-05,1.1242808158731898e-05,6.6127281600481605e-06,7.77353064999271e-05,7.590566006238743e-06,9.255679343118123e-12,77.47365617912138,111.31383466685553,FAIL,20260905_000156,0
nsga2_20260905_000156,nsga2,4.865649572846843,3.88744019022692,15.304920211727664,2.938121332662234e-05,4.691956511267929e-05,8.871293638056907e-06,9.617722220827954e-05,4.643975083495707e-06,8.484929363158954e-12,50.93159094760402,116.38216387335059,FAIL,20260905_000156,0
nsga2_20260905_000156,nsga2,6.2525557972656856,6.391271469191251,15.371636487894774,5.289887368086889e-06,4.7232129309680135e-05,9.817003398111766e-06,9.617722220827954e-05,4.665207391651916e-06,4.204479254086758e-12,56.38654005965184,114.57241547325246,FAIL,20260905_000156,0
nsga2_20260905_000736,nsga2,5.762825264288743,5.095766215123221,7.21610660487073,2.5867829595634926e-05,1.3647266076580287e-05,5.978647304403044e-06,7.877487895216757e-05,7.859309281775453e-06,8.120205533555246e-12,69.49913387078261,112.2319043516629,FAIL,20260905_000736,0
nsga2_20260905_000736,nsga2,6.253243654574953,5.88079580425678,14.990774300507386,1.413272838056666e-05,4.707325831796659e-05,6.081363810064886e-06,9.53585369466939e-05,6.323531360003884e-06,9.255679343118123e-12,62.897201808221176,115.1249278933623,FAIL,20260905_000736,0
nsga2_20260905_000736,nsga2,4.873338795133937,4.155545830869114,8.832427087161781,1.3091851902112347e-06,1.3485034411057832e-05,4.3455683235117e-06,7.855296922054073e-05,7.385504437348569e-06,5.871041699926908e-12,59.363522370110104,116.0463446397785,FAIL,20260905_000736,0
nsga2_20260905_000736,nsga2,6.319581584239338,4.149280986429992,19.676642440966685,2.6295496725112382e-05,1.3452300353721087e-05,6.299875238193462e-06,9.590173436127416e-05,6.97525383409842e-06,5.951526087811166e-12,58.56999999999999,125.6,FAIL,20260905_000736,1
nsga2_20260905_000736,nsga2,5.539404131929329,6.0971924734864,19.42858285110652,2.594860870172957e-05,1.18518015633358e-05,6.423152677606254e-06,7.77353064999271e-05,6.323531360003884e-06,9.255679343118123e-12,70.32100040941332,104.4936202633803,FAIL,20260905_000736,0
nsga2_20260905_000736,nsga2,14.891922233791925,3.490595353847721,6.373801081895494,1.1290387968421314e-05,5.882035148317614e-05,8.262684061917942e-06,8.014166380724218e-05,6.93374799720424e-06,8.080525098998448e-12,45.74,143.60000000000002,FAIL,20260905_000736,1
nsga2_20260905_011505,nsga2,6.260932876862046,4.05238816672741,19.42858285110652,2.594860870172957e-05,1.18518015633358e-05,6.423152677606254e-06,7.77353064999271e-05,6.323531360003884e-06,9.255679343118123e-12,70.3,104.3,FAIL,20260905_011505,1
nsga2_20260905_011505,nsga2,4.865649572846843,5.983953468395141,19.297309266630315,2.58641098353348e-05,4.867354015083401e-05,6.835364727392012e-06,9.617722220827954e-05,7.364544609042903e-06,5.871041699926908e-12,69.21,121.80000000000001,FAIL,20260905_011505,1
nsga2_20260905_011849,nsga2,6.260932876862046,4.05238816672741,19.42858285110652,2.594860870172957e-05,1.18518015633358e-05,6.423152677606254e-06,7.77353064999271e-05,6.323531360003884e-06,9.255679343118123e-12,70.3,104.3,FAIL,20260905_011849,1
nsga2_20260905_011849,nsga2,4.602093074596356,5.697228772337487,15.367242962634288,1.6831519289386145e-05,7.890634173181191e-05,3.3803508782706268e-06,4.5513739581220955e-05,7.459493818191605e-06,4.608796271244112e-12,59.00301307968304,112.45082056052243,FAIL,20260905_011849,0
nsga2_20260905_011849,nsga2,6.253243654574953,5.88079580425678,14.990774300507386,1.413272838056666e-05,4.707325831796659e-05,6.423152677606254e-06,9.53585369466939e-05,6.323531360003884e-06,9.255679343118123e-12,59.37137395735529,110.23943272384365,FAIL,20260905_011849,0
nsga2_20260905_012313,nsga2,6.260932876862046,4.05238816672741,19.42858285110652,2.594860870172957e-05,1.18518015633358e-05,6.423152677606254e-06,7.77353064999271e-05,6.323531360003884e-06,9.255679343118123e-12,70.3,104.3,FAIL,20260905_012313,1
nsga2_20260905_012313,nsga2,1.6918975876773203,5.89389601659133,15.29059412251822,1.4236315271906184e-05,4.867354015083401e-05,9.958847205087875e-06,9.2109674529102e-05,7.557914269051097e-06,5.871041699926908e-12,58.720150580256906,110.96578421790636,FAIL,20260905_012313,0
nsga2_20260905_012552,nsga2,4.865649572846843,5.983953468395141,15.256928779970998,1.4236315271906184e-05,4.867354015083401e-05,9.817003398111766e-06,9.617722220827954e-05,7.385504437348569e-06,5.871041699926908e-12,58.71999999999999,110.9,FAIL,20260905_012552,1
nsga2_20260905_012552,nsga2,6.260932876862046,4.05238816672741,19.42858285110652,2.594860870172957e-05,1.18518015633358e-05,6.423152677606254e-06,7.77353064999271e-05,6.323531360003884e-06,9.255679343118123e-12,70.3,104.3,FAIL,20260905_012552,1
nsga2_20260905_012552,nsga2,7.6848523718636255,5.960812968809175,15.068779324105725,2.5884063797181813e-05,1.3818524861499198e-05,6.423152677606254e-06,7.655869923768294e-05,6.323531360003884e-06,9.255679343118123e-12,62.392016400164394,109.3737600125743,FAIL,20260905_012552,0
nsga2_20260905_012552,nsga2,4.86575057053649,5.9725838039154,16.72185060332329,2.594860870172957e-05,1.2326307251010272e-05,6.423152677606254e-06,7.77353064999271e-05,6.323531360003884e-06,9.255679343118123e-12,61.96128667154569,109.44274235531208,FAIL,20260905_012552,0
nsga2_20260905_012851,nsga2,4.865649572846843,5.983953468395141,15.256928779970998,1.4236315271906184e-05,4.867354015083401e-05,9.817003398111766e-06,9.617722220827954e-05,7.385504437348569e-06,5.871041699926908e-12,58.71999999999999,110.9,FAIL,20260905_012851,1
nsga2_20260905_012851,nsga2,6.260932876862046,4.05238816672741,19.42858285110652,2.594860870172957e-05,1.18518015633358e-05,6.423152677606254e-06,7.77353064999271e-05,6.323531360003884e-06,9.255679343118123e-12,70.3,104.3,FAIL,20260905_012851,1
nsga2_20260905_012851,nsga2,14.678278286665169,16.875815113505208,15.03002798561017,1.0996342907999787e-05,4.876290503809824e-05,8.151994178245078e-06,9.616759345943257e-05,7.308728927700513e-06,5.3873457226508156e-12,67.46625747046694,105.9615676108754,FAIL,20260905_012851,0
nsga2_20260905_012851,nsga2,7.6848523718636255,5.960812968809175,15.068779324105725,2.5884063797181813e-05,1.3818524861499198e-05,6.423152677606254e-06,7.655869923768294e-05,6.323531360003884e-06,9.255679343118123e-12,62.393382394997005,110.12993302963797,FAIL,20260905_012851,0
nsga2_20260905_012851,nsga2,4.86575057053649,5.9725838039154,16.72185060332329,2.594860870172957e-05,1.2326307251010272e-05,6.423152677606254e-06,7.77353064999271e-05,6.323531360003884e-06,9.255679343118123e-12,61.96380067709444,110.53836519073499,FAIL,20260905_012851,0
nsga2_20260905_013153,nsga2,4.865649572846843,5.983953468395141,15.256928779970998,1.4236315271906184e-05,4.867354015083401e-05,9.817003398111766e-06,9.617722220827954e-05,7.385504437348569e-06,5.871041699926908e-12,58.71999999999999,110.9,FAIL,20260905_013153,1
nsga2_20260905_013153,nsga2,6.260932876862046,4.05238816672741,19.42858285110652,2.594860870172957e-05,1.18518015633358e-05,6.423152677606254e-06,7.77353064999271e-05,6.323531360003884e-06,9.255679343118123e-12,70.3,104.3,FAIL,20260905_013153,1
nsga2_20260905_013153,nsga2,14.678278286665169,16.875815113505208,15.03002798561017,1.0996342907999787e-05,4.876290503809824e-05,8.151994178245078e-06,9.616759345943257e-05,7.308728927700513e-06,5.3873457226508156e-12,67.44193867673313,105.96148657381093,FAIL,20260905_013153,0
nsga2_20260905_013153,nsga2,4.86575057053649,5.9725838039154,16.72185060332329,2.594860870172957e-05,1.2326307251010272e-05,6.423152677606254e-06,7.77353064999271e-05,6.323531360003884e-06,9.255679343118123e-12,62.07963417895932,110.53818130500501,FAIL,20260905_013153,0
nsga2_20260905_013445,nsga2,4.865649572846843,5.983953468395141,15.256928779970998,1.4236315271906184e-05,4.867354015083401e-05,9.817003398111766e-06,9.617722220827954e-05,7.385504437348569e-06,5.871041699926908e-12,58.71999999999999,110.9,FAIL,20260905_013445,1
nsga2_20260905_013445,nsga2,6.260932876862046,4.05238816672741,19.42858285110652,2.594860870172957e-05,1.18518015633358e-05,6.423152677606254e-06,7.77353064999271e-05,6.323531360003884e-06,9.255679343118123e-12,70.3,104.3,FAIL,20260905_013445,1
nsga2_20260905_013445,nsga2,7.6848523718636255,5.960812968809175,15.068779324105725,2.5884063797181813e-05,1.3818524861499198e-05,6.423152677606254e-06,7.655869923768294e-05,6.323531360003884e-06,9.255679343118123e-12,63.75772360280719,109.37395815717052,FAIL,20260905_013445,0
nsga2_20260905_013445,nsga2,4.86575057053649,5.9725838039154,16.72185060332329,2.594860870172957e-05,1.2326307251010272e-05,6.423152677606254e-06,7.77353064999271e-05,6.323531360003884e-06,9.255679343118123e-12,63.186569393396034,109.44299204780054,FAIL,20260905_013445,0
nsga2_20260905_013920,nsga2,4.865649572846843,5.983953468395141,15.256928779970998,1.4236315271906184e-05,4.867354015083401e-05,9.817003398111766e-06,9.617722220827954e-05,7.385504437348569e-06,5.871041699926908e-12,58.71999999999999,110.9,FAIL,20260905_013920,1
nsga2_20260905_013920,nsga2,6.260932876862046,4.05238816672741,19.42858285110652,2.594860870172957e-05,1.18518015633358e-05,6.423152677606254e-06,7.77353064999271e-05,6.323531360003884e-06,9.255679343118123e-12,70.3,104.3,FAIL,20260905_013920,1
nsga2_20260905_013920,nsga2,14.678278286665169,16.875815113505208,15.03002798561017,1.0996342907999787e-05,4.876290503809824e-05,8.151994178245078e-06,9.616759345943257e-05,7.308728927700513e-06,5.3873457226508156e-12,67.46577401465666,105.96257439519063,FAIL,20260905_013920,0
nsga2_20260905_013920,nsga2,7.6848523718636255,5.960812968809175,15.068779324105725,2.5884063797181813e-05,1.3818524861499198e-05,6.423152677606254e-06,7.655869923768294e-05,6.323531360003884e-06,9.255679343118123e-12,62.39565253514936,110.12894624748783,FAIL,20260905_013920,0
nsga2_20260905_013920,nsga2,4.86575057053649,5.9725838039154,16.72185060332329,2.594860870172957e-05,1.2326307251010272e-05,6.423152677606254e-06,7.77353064999271e-05,6.323531360003884e-06,9.255679343118123e-12,61.9670764669602,110.53726158064161,FAIL,20260905_013920,0
nsga2_20260905_014229,nsga2,7.0722232944090235,16.602385747379167,13.38368767078564,1.8326033795775064e-05,4.5679734996584057e-05,9.487440373636612e-07,4.4847251287924855e-05,4.025671606727444e-06,5.293666050736145e-12,84.3659711597694,34.13135258367342,FAIL,20260905_014229,0
nsga2_20260905_014229,nsga2,3.0779240808342325,4.68981962531892,6.358148171070182,4.7619173055659205e-05,3.138723592227712e-05,5.203676432591941e-06,9.678768494805244e-05,2.2758984486844704e-06,8.218394250934251e-12,83.95079710254856,141.80044455717058,FAIL,20260905_014229,0
nsga2_20260905_140342,nsga2,1.6741171839133737,15.235471007269595,18.7460144276495,2.4823788442794162e-05,1.18518015633358e-05,3.440405701368016e-06,7.77353064999271e-05,6.323531360003884e-06,9.255679343118123e-12,nan,nan,FAIL,20260905_140342,1
nsga2_20260905_140342,nsga2,1.523623151618299,15.316749064821325,11.224722951166287,1.668766631000488e-05,7.890634173181191e-05,3.3803508782706268e-06,4.5513739581220955e-05,1.7733961238480651e-06,4.628016878024163e-12,nan,nan,FAIL,20260905_140342,1
nsga2_20260905_140342,nsga2,5.249773074856374,4.133825293496738,11.224722951166287,1.781248656894364e-05,7.890634173181191e-05,6.363097856222738e-06,4.5513739581220955e-05,1.7733961238480651e-06,4.628016878024163e-12,nan,nan,FAIL,20260905_140342,1
nsga2_20260905_140342,nsga2,4.865649572846843,5.983953468395141,15.256928779970998,1.4236315271906184e-05,4.867354015083401e-05,9.817003398111766e-06,9.617722220827954e-05,7.385504437348569e-06,5.871041699926908e-12,nan,nan,FAIL,20260905_140342,1
nsga2_20260905_140342,nsga2,10.724610869304877,18.916673942822108,3.739032641673041,4.808634952535756e-05,3.151386913473709e-05,4.274710231873686e-06,8.220195214320313e-05,2.8934622969189265e-06,5.946343189057535e-12,nan,nan,FAIL,20260905_140342,1
nsga2_20260905_140452,nsga2,1.6741171839133737,15.235471007269595,18.7460144276495,2.4823788442794162e-05,1.18518015633358e-05,3.440405701368016e-06,7.77353064999271e-05,6.323531360003884e-06,9.255679343118123e-12,nan,nan,FAIL,20260905_140452,1
nsga2_20260905_140452,nsga2,1.523623151618299,15.316749064821325,11.224722951166287,1.668766631000488e-05,7.890634173181191e-05,3.3803508782706268e-06,4.5513739581220955e-05,1.7733961238480651e-06,4.628016878024163e-12,nan,nan,FAIL,20260905_140452,1
nsga2_20260905_140452,nsga2,5.249773074856374,4.133825293496738,11.224722951166287,1.781248656894364e-05,7.890634173181191e-05,6.363097856222738e-06,4.5513739581220955e-05,1.7733961238480651e-06,4.628016878024163e-12,nan,nan,FAIL,20260905_140452,1
nsga2_20260905_140452,nsga2,4.865649572846843,5.983953468395141,15.256928779970998,1.4236315271906184e-05,4.867354015083401e-05,9.817003398111766e-06,9.617722220827954e-05,7.385504437348569e-06,5.871041699926908e-12,nan,nan,FAIL,20260905_140452,1
nsga2_20260905_140452,nsga2,10.724610869304877,18.916673942822108,3.739032641673041,4.808634952535756e-05,3.151386913473709e-05,4.274710231873686e-06,8.220195214320313e-05,2.8934622969189265e-06,5.946343189057535e-12,nan,nan,FAIL,20260905_140452,1
nsga2_20260905_142002,nsga2,1.6741171839133737,15.235471007269595,18.7460144276495,2.4823788442794162e-05,1.18518015633358e-05,3.440405701368016e-06,7.77353064999271e-05,6.323531360003884e-06,9.255679343118123e-12,nan,nan,FAIL,20260905_142002,1
nsga2_20260905_142002,nsga2,1.523623151618299,15.316749064821325,11.224722951166287,1.668766631000488e-05,7.890634173181191e-05,3.3803508782706268e-06,4.5513739581220955e-05,1.7733961238480651e-06,4.628016878024163e-12,nan,nan,FAIL,20260905_142002,1
nsga2_20260905_142002,nsga2,5.249773074856374,4.133825293496738,11.224722951166287,1.781248656894364e-05,7.890634173181191e-05,6.363097856222738e-06,4.5513739581220955e-05,1.7733961238480651e-06,4.628016878024163e-12,nan,nan,FAIL,20260905_142002,1
nsga2_20260905_142002,nsga2,4.865649572846843,5.983953468395141,15.256928779970998,1.4236315271906184e-05,4.867354015083401e-05,9.817003398111766e-06,9.617722220827954e-05,7.385504437348569e-06,5.871041699926908e-12,nan,nan,FAIL,20260905_142002,1
nsga2_20260905_142002,nsga2,10.724610869304877,18.916673942822108,3.739032641673041,4.808634952535756e-05,3.151386913473709e-05,4.274710231873686e-06,8.220195214320313e-05,2.8934622969189265e-06,5.946343189057535e-12,nan,nan,FAIL,20260905_142002,1
nsga2_20260905_143113,nsga2,1.6741171839133737,15.235471007269595,18.7460144276495,2.4823788442794162e-05,1.18518015633358e-05,3.440405701368016e-06,7.77353064999271e-05,6.323531360003884e-06,9.255679343118123e-12,nan,nan,FAIL,20260905_143113,1
nsga2_20260905_143113,nsga2,1.523623151618299,15.316749064821325,11.224722951166287,1.668766631000488e-05,7.890634173181191e-05,3.3803508782706268e-06,4.5513739581220955e-05,1.7733961238480651e-06,4.628016878024163e-12,nan,nan,FAIL,20260905_143113,1
nsga2_20260905_143113,nsga2,5.249773074856374,4.133825293496738,11.224722951166287,1.781248656894364e-05,7.890634173181191e-05,6.363097856222738e-06,4.5513739581220955e-05,1.7733961238480651e-06,4.628016878024163e-12,nan,nan,FAIL,20260905_143113,1
nsga2_20260905_143113,nsga2,4.865649572846843,5.983953468395141,15.256928779970998,1.4236315271906184e-05,4.867354015083401e-05,9.817003398111766e-06,9.617722220827954e-05,7.385504437348569e-06,5.871041699926908e-12,nan,nan,FAIL,20260905_143113,1
nsga2_20260905_143113,nsga2,10.724610869304877,18.916673942822108,3.739032641673041,4.808634952535756e-05,3.151386913473709e-05,4.274710231873686e-06,8.220195214320313e-05,2.8934622969189265e-06,5.946343189057535e-12,nan,nan,FAIL,20260905_143113,1
nsga2_20260905_143659,nsga2,1.6741171839133737,15.235471007269595,18.7460144276495,2.4823788442794162e-05,1.18518015633358e-05,3.440405701368016e-06,7.77353064999271e-05,6.323531360003884e-06,9.255679343118123e-12,nan,nan,FAIL,20260905_143659,1
nsga2_20260905_143659,nsga2,1.523623151618299,15.316749064821325,11.224722951166287,1.668766631000488e-05,7.890634173181191e-05,3.3803508782706268e-06,4.5513739581220955e-05,1.7733961238480651e-06,4.628016878024163e-12,nan,nan,FAIL,20260905_143659,1
nsga2_20260905_143659,nsga2,5.249773074856374,4.133825293496738,11.224722951166287,1.781248656894364e-05,7.890634173181191e-05,6.363097856222738e-06,4.5513739581220955e-05,1.7733961238480651e-06,4.628016878024163e-12,nan,nan,FAIL,20260905_143659,1
nsga2_20260905_143659,nsga2,4.865649572846843,5.983953468395141,15.256928779970998,1.4236315271906184e-05,4.867354015083401e-05,9.817003398111766e-06,9.617722220827954e-05,7.385504437348569e-06,5.871041699926908e-12,nan,nan,FAIL,20260905_143659,1
nsga2_20260905_143659,nsga2,10.724610869304877,18.916673942822108,3.739032641673041,4.808634952535756e-05,3.151386913473709e-05,4.274710231873686e-06,8.220195214320313e-05,2.8934622969189265e-06,5.946343189057535e-12,nan,nan,FAIL,20260905_143659,1
nsga2_20260905_144359,nsga2,6.260932876862046,4.05238816672741,19.42858285110652,2.594860870172957e-05,1.18518015633358e-05,6.423152677606254e-06,7.77353064999271e-05,6.323531360003884e-06,9.255679343118123e-12,70.3,104.3,FAIL,20260905_144359,1
nsga2_20260905_144359,nsga2,4.865649572846843,5.983953468395141,19.297309266630315,2.58641098353348e-05,4.867354015083401e-05,6.835364727392012e-06,9.617722220827954e-05,7.364544609042903e-06,5.871041699926908e-12,69.21,121.80000000000001,FAIL,20260905_144359,1
nsga2_20260905_144752,nsga2,6.260932876862046,4.05238816672741,19.42858285110652,2.594860870172957e-05,1.18518015633358e-05,6.423152677606254e-06,7.77353064999271e-05,6.323531360003884e-06,9.255679343118123e-12,70.3,104.3,FAIL,20260905_144752,1
nsga2_20260905_144752,nsga2,4.865649572846843,5.983953468395141,19.297309266630315,2.58641098353348e-05,4.867354015083401e-05,6.835364727392012e-06,9.617722220827954e-05,7.364544609042903e-06,5.871041699926908e-12,69.21,121.80000000000001,FAIL,20260905_144752,1
nsga2_20260905_150717,nsga2,6.260932876862046,4.05238816672741,19.42858285110652,2.594860870172957e-05,1.18518015633358e-05,6.423152677606254e-06,7.77353064999271e-05,6.323531360003884e-06,9.255679343118123e-12,70.3,104.3,FAIL,20260905_150717,1
nsga2_20260905_150717,nsga2,4.865649572846843,5.983953468395141,19.297309266630315,2.58641098353348e-05,4.867354015083401e-05,6.835364727392012e-06,9.617722220827954e-05,7.364544609042903e-06,5.871041699926908e-12,69.21,121.80000000000001,FAIL,20260905_150717,1
nsga2_20260905_152019,nsga2,6.260932876862046,4.05238816672741,19.42858285110652,2.594860870172957e-05,1.18518015633358e-05,6.423152677606254e-06,7.77353064999271e-05,6.323531360003884e-06,9.255679343118123e-12,70.3,104.3,FAIL,20260905_152019,1
nsga2_20260905_152019,nsga2,4.865649572846843,5.983953468395141,19.297309266630315,2.58641098353348e-05,4.867354015083401e-05,6.835364727392012e-06,9.617722220827954e-05,7.364544609042903e-06,5.871041699926908e-12,69.21,121.80000000000001,FAIL,20260905_152019,1
nsga2_20260905_152418,nsga2,4.865649572846843,5.983953468395141,15.256928779970998,1.4236315271906184e-05,4.867354015083401e-05,9.817003398111766e-06,9.617722220827954e-05,7.385504437348569e-06,5.871041699926908e-12,58.72,110.9,FAIL,20260905_152418,1
nsga2_20260905_152418,nsga2,6.260932876862046,4.05238816672741,19.42858285110652,2.594860870172957e-05,1.18518015633358e-05,6.423152677606254e-06,7.77353064999271e-05,6.323531360003884e-06,9.255679343118123e-12,70.3,104.3,FAIL,20260905_152418,1
nsga2_20260905_152418,nsga2,3.084958616127238,4.861589337660535,6.39232328993849,1.5912454611434417e-05,3.151087152434779e-05,5.978647304403044e-06,9.717749056928953e-05,7.859309281775453e-06,8.120205533555246e-12,74.45,102.8,FAIL,20260905_152418,1
nsga2_20260905_152418,nsga2,10.615233528058086,15.916620559342222,6.60512241330487,3.850795646748557e-05,5.270526345927673e-05,1.9159562220217693e-06,9.650728407477964e-05,4.315544126940916e-06,3.657108300964262e-12,47.82,125.6,FAIL,20260905_152418,1
nsga2_20260905_152418,nsga2,4.867412703487644,5.956695848103986,5.5477216526780255,1.4236315271906184e-05,4.867354015083401e-05,9.678201079361269e-06,9.704722401221916e-05,7.385504437348569e-06,5.871041699926908e-12,59.31954324034044,105.24770665989948,FAIL,20260905_152418,0
nsga2_20260905_152418,nsga2,19.7368105792615,14.64815319559655,6.192856468644299,1.599749888257945e-05,7.890634173181191e-05,3.3803508782706268e-06,4.5513739581220955e-05,1.7724428433750535e-06,4.629275969643456e-12,48.28636248040989,116.94055739312415,FAIL,20260905_152418,0
nsga2_20260905_152418,nsga2,10.033860022380582,4.861589337660535,6.39232328993849,1.6607620093353942e-05,3.151087152434779e-05,1.984905015573466e-06,9.717749056928953e-05,7.859309281775453e-06,7.799557217564784e-12,78.2175238778145,99.45225149702841,FAIL,20260905_152418,0
nsga2_20260905_152418,nsga2,10.745352483480485,5.5059252345338,15.304548747453902,8.085408431713246e-06,8.114348458293047e-05,9.862271139808928e-06,9.797345640163627e-05,7.385504437348569e-06,4.635230639937157e-12,55.23012619129608,111.59378372308787,FAIL,20260905_152418,0
nsga2_20260905_152418,nsga2,6.068380175884943,5.956695848103986,5.5477216526780255,1.4236315271906184e-05,3.100635399362604e-05,9.678201079361269e-06,9.704722401221916e-05,7.278577425081624e-06,5.8713553573723654e-12,59.11739297787475,105.24770884283768,FAIL,20260905_152418,0
nsga2_20260905_202339,nsga2,4.731886013265868,4.821756783017539,6.39232328993849,1.5912454611434417e-05,4.753864540759759e-05,5.846584995511093e-06,9.717749056928953e-05,7.859309281775453e-06,5.799846315376515e-12,89.52,153.1,PASS,20260905_202339,1
nsga2_20260905_202339,nsga2,7.835951603359595,10.551848383952235,15.39675256466955,1.9260198752204024e-05,5.0529154134394596e-05,6.774303583674978e-06,7.86610951451767e-05,9.730184927745436e-06,3.5691870590702062e-12,85.62,153.5,PASS,20260905_202339,1
nsga2_20260905_202339,nsga2,3.412580395267021,10.258465668278804,8.138707123322597,1.587706056456488e-05,7.469866842747526e-05,6.065362393903705e-06,5.227737710399618e-05,7.607634897220491e-06,8.120205533555246e-12,92.28,141.3,PASS,20260905_202339,1
nsga2_20260905_204404,nsga2,3.084958616127238,4.861589337660535,6.39232328993849,1.5912454611434417e-05,3.151087152434779e-05,5.978647304403044e-06,9.717749056928953e-05,7.859309281775453e-06,8.120205533555246e-12,74.45,102.8,FAIL,20260905_204404,1
nsga2_20260905_204404,nsga2,10.615233528058086,15.916620559342222,6.60512241330487,3.850795646748557e-05,5.270526345927673e-05,1.9159562220217693e-06,9.650728407477964e-05,4.315544126940916e-06,3.657108300964262e-12,57.32,125.6,FAIL,20260905_204404,1
nsga2_20260905_204404,nsga2,19.679239424846678,4.05238816672741,19.399815924886823,2.53775401004893e-05,1.18518015633358e-05,6.423152677606254e-06,6.967485748907519e-05,1.8054177096212956e-06,4.1055729240508316e-12,43.16,143.4,FAIL,20260905_204404,1
nsga2_20260905_204404,nsga2,4.731886013265868,4.821756783017539,6.39232328993849,1.5912454611434417e-05,4.753864540759759e-05,5.846584995511093e-06,9.717749056928953e-05,7.859309281775453e-06,5.799846315376515e-12,74.73438503215496,93.61311117788188,FAIL,20260905_204404,0
nsga2_20260905_204404,nsga2,19.679239424846678,12.249507872571973,18.464356327357553,2.53775401004893e-05,8.59866252897714e-06,6.5792749460782635e-06,4.9048744006864935e-05,1.8054177096212956e-06,2.2316013865660104e-12,54.748454204118815,142.0952941602274,FAIL,20260905_204404,0
nsga2_20260905_204404,nsga2,3.391928384966276,4.971163486888842,4.300691970257537,3.457461872571992e-05,5.0480731358870144e-05,1.1845331945071944e-06,4.887496630158072e-05,2.340296249585209e-06,2.2014115459784176e-12,88.8,28.15,FAIL,20260905_204404,1
nsga2_20260905_204404,nsga2,3.084958616127238,2.4149355685254497,6.39232328993849,1.5912454611434417e-05,3.2578849069897736e-05,5.978647304403044e-06,9.717749056928953e-05,7.859309281775453e-06,8.120205533555246e-12,74.45714553327936,102.79957443560906,FAIL,20260905_204404,0
nsga2_20260905_204404,nsga2,19.679239424846678,4.05238816672741,8.57385063123683,1.9569055533254148e-05,4.8307785838989716e-05,6.423152677606254e-06,6.967485748907519e-05,8.687881073961252e-06,4.1055729240508316e-12,73.86976977103772,123.7763123864269,FAIL,20260905_204404,0
nsga2_20260905_210058,nsga2,3.084958616127238,4.861589337660535,6.39232328993849,1.5912454611434417e-05,3.151087152434779e-05,5.978647304403044e-06,9.717749056928953e-05,7.859309281775453e-06,8.120205533555246e-12,74.45,102.8,FAIL,20260905_210058,1
nsga2_20260905_210058,nsga2,19.679239424846678,4.05238816672741,19.399815924886823,2.53775401004893e-05,1.18518015633358e-05,6.423152677606254e-06,6.967485748907519e-05,1.8054177096212956e-06,4.1055729240508316e-12,43.160162555979944,143.3993582653986,FAIL,20260905_210058,0
nsga2_20260905_210058,nsga2,4.731886013265868,4.821756783017539,6.39232328993849,1.5912454611434417e-05,4.753864540759759e-05,5.846584995511093e-06,9.717749056928953e-05,7.859309281775453e-06,5.799846315376515e-12,74.77071236521053,102.22526179568212,FAIL,20260905_210058,0
nsga2_20260905_210058,nsga2,3.084958616127238,4.861589337660535,6.39232328993849,1.5912454611434417e-05,3.151087152434779e-05,5.978647304403044e-06,9.717749056928953e-05,7.657283897892457e-06,8.120205533555246e-12,74.39471942698533,103.01209905353284,FAIL,20260905_210058,0
nsga2_20260905_210058,nsga2,19.679239424846678,4.05238816672741,18.7479790871241,2.53775401004893e-05,1.18518015633358e-05,6.423152677606254e-06,6.967485748907519e-05,1.7708116282923245e-06,4.1055729240508316e-12,43.5117438809691,143.39366124606113,FAIL,20260905_210058,0
nsga2_20260905_210058,nsga2,3.21872217580597,5.526688420846085,15.256928779970998,3.4556796431753134e-05,3.264576626758931e-05,9.892923825188185e-06,9.617722220827954e-05,7.068337525129158e-06,1.9767641640039474e-12,65.28918182959634,111.44332021515605,FAIL,20260905_210058,0
nsga2_20260905_210058,nsga2,19.45464229787073,4.05238816672741,19.895670152899363,2.53775401004893e-05,7.981407259302175e-05,6.446340090448165e-06,6.957302620292621e-05,2.3298036367203945e-06,8.324006544175533e-12,45.53614185540514,142.42875762279692,FAIL,20260905_210058,0
nsga2_20260905_210058,nsga2,2.882368308744426,4.604257212585786,6.60512241330487,3.850795646748557e-05,5.26947375840662e-05,1.9159562220217693e-06,9.650728407477964e-05,4.315544126940916e-06,3.657108300964262e-12,82.57351285457611,40.482067949104945,FAIL,20260905_210058,0
nsga2_20260905_210058,nsga2,3.217618168880638,5.526688420846085,15.256928779970998,3.4556796431753134e-05,3.264576626758931e-05,9.53946022308417e-06,9.71392644369667e-05,7.068337525129158e-06,8.021464395544247e-12,63.33172334937641,111.96775422438793,FAIL,20260905_210058,0
nsga2_20260905_210058,nsga2,19.679239424846678,4.05238816672741,19.399815924886823,2.580072989672546e-05,1.18518015633358e-05,6.423152677606254e-06,6.967485748907519e-05,1.8054177096212956e-06,4.226799349573384e-12,43.42143140533664,143.39924784892983,FAIL,20260905_210058,0
nsga2_20260905_210058,nsga2,3.08606262305257,4.861589337660535,6.39232328993849,1.5912454611434417e-05,2.641813070205374e-05,7.17373971322601e-06,9.621544834060238e-05,7.859309281775453e-06,2.076584438412297e-12,71.87475625835498,108.13218886565457,FAIL,20260905_210058,0
nsga2_20260905_210058,nsga2,15.662513014408317,13.052230890184095,17.149462706109553,1.4254137762744129e-05,5.018553614446604e-05,1.2322961807551182e-06,4.8998387940426725e-05,2.8390649339403847e-06,8.10464301829529e-12,75.69840816160911,41.45495423038314,FAIL,20260905_210058,0
nsga2_20260905_210058,nsga2,19.86287893576313,4.05238816672741,19.49216843714567,2.53775401004893e-05,1.18518015633358e-05,6.423152677606254e-06,7.006384031311e-05,4.714103565564073e-06,4.503875656568621e-12,60.755636992840216,133.27965860129228,FAIL,20260905_210058,0
nsga2_20260905_212114,nsga2,4.731886013265868,4.821756783017539,6.39232328993849,1.5912454611434417e-05,4.753864540759759e-05,5.846584995511093e-06,9.717749056928953e-05,7.859309281775453e-06,5.799846315376515e-12,89.52,153.1,PASS,20260905_212114,1
nsga2_20260905_212114,nsga2,7.835951603359595,10.551848383952235,15.39675256466955,1.9260198752204024e-05,5.0529154134394596e-05,6.774303583674978e-06,7.86610951451767e-05,9.730184927745436e-06,3.5691870590702062e-12,85.62,153.5,PASS,20260905_212114,1
nsga2_20260905_212114,nsga2,3.412580395267021,10.258465668278804,8.138707123322597,1.587706056456488e-05,7.469866842747526e-05,6.065362393903705e-06,5.227737710399618e-05,7.607634897220491e-06,8.120205533555246e-12,92.28,141.3,PASS,20260905_212114,1
nsga2_20260905_213641,nsga2,4.731886013265868,4.821756783017539,6.39232328993849,1.5912454611434417e-05,4.753864540759759e-05,5.846584995511093e-06,9.717749056928953e-05,7.859309281775453e-06,5.799846315376515e-12,89.52,153.1,PASS,20260905_213641,1
nsga2_20260905_213641,nsga2,7.835951603359595,10.551848383952235,15.39675256466955,1.9260198752204024e-05,5.0529154134394596e-05,6.774303583674978e-06,7.86610951451767e-05,9.730184927745436e-06,3.5691870590702062e-12,85.62,153.5,PASS,20260905_213641,1
nsga2_20260905_213641,nsga2,3.412580395267021,10.258465668278804,8.138707123322597,1.587706056456488e-05,7.469866842747526e-05,6.065362393903705e-06,5.227737710399618e-05,7.607634897220491e-06,8.120205533555246e-12,92.28,141.3,PASS,20260905_213641,1
nsga2_20260905_215236,nsga2,4.731886013265868,4.821756783017539,6.39232328993849,1.5912454611434417e-05,4.753864540759759e-05,5.846584995511093e-06,9.717749056928953e-05,7.859309281775453e-06,5.799846315376515e-12,89.52,153.1,PASS,20260905_215236,1
nsga2_20260905_215236,nsga2,7.835951603359595,10.551848383952235,15.39675256466955,1.9260198752204024e-05,5.0529154134394596e-05,6.774303583674978e-06,7.86610951451767e-05,9.730184927745436e-06,3.5691870590702062e-12,85.62,153.5,PASS,20260905_215236,1
nsga2_20260905_215236,nsga2,3.412580395267021,10.258465668278804,8.138707123322597,1.587706056456488e-05,7.469866842747526e-05,6.065362393903705e-06,5.227737710399618e-05,7.607634897220491e-06,8.120205533555246e-12,92.28,141.3,PASS,20260905_215236,1
nsga2_20260905_221606,nsga2,4.731886013265868,4.821756783017539,6.39232328993849,1.5912454611434417e-05,4.753864540759759e-05,5.846584995511093e-06,9.717749056928953e-05,7.859309281775453e-06,5.799846315376515e-12,89.52,153.1,PASS,20260905_221606,1
nsga2_20260905_221606,nsga2,7.835951603359595,10.551848383952235,15.39675256466955,1.9260198752204024e-05,5.0529154134394596e-05,6.774303583674978e-06,7.86610951451767e-05,9.730184927745436e-06,3.5691870590702062e-12,85.62,153.5,PASS,20260905_221606,1
nsga2_20260905_221606,nsga2,3.412580395267021,10.258465668278804,8.138707123322597,1.587706056456488e-05,7.469866842747526e-05,6.065362393903705e-06,5.227737710399618e-05,7.607634897220491e-06,8.120205533555246e-12,92.28,141.3,PASS,20260905_221606,1
nsga2_20260910_115119,nsga2,10.230871817803992,17.900268852631005,18.746826803168744,1.808242127644079e-05,5.728152412375716e-05,3.55775921522145e-06,5.955171301090977e-05,3.710156642317766e-06,4.524571004753451e-12,67.13,112.7,FAIL,20260910_115119,1
nsga2_20260910_115119,nsga2,19.63587143674837,14.0252977051332,19.348288406014124,3.451580250937572e-05,3.756367157190732e-05,3.4930255583876e-06,7.223238751734994e-05,5.490866063519396e-06,3.792176880030601e-12,48.49,139.4,FAIL,20260910_115119,1
nsga2_20260910_115119,nsga2,10.230871817803992,17.900268852631005,12.745661535667786,1.808242127644079e-05,5.8793318522582026e-05,1.8481504701363093e-06,5.955171301090977e-05,3.710156642317766e-06,4.524571004753451e-12,84.55,61.51,FAIL,20260910_115119,1
nsga2_20260910_115119,nsga2,10.230871817803992,13.856268680785359,12.9098691553056,1.808242127644079e-05,5.8793318522582026e-05,3.5092291777917874e-06,5.955443885975344e-05,3.710156642317766e-06,4.499866542574611e-12,83.33,69.65,FAIL,20260910_115119,1
nsga2_20260910_115119,nsga2,19.63587143674837,18.06929442471525,19.348288406014124,3.451580250937572e-05,3.756367157190732e-05,1.8319468589275889e-06,7.222966166850586e-05,5.7363867313535135e-06,3.816881342209441e-12,48.5,133.3,FAIL,20260910_115119,1
nsga2_20260910_121233,nsga2,9.367165939599897,19.13988621753205,10.498020460065293,2.1433862654999053e-05,6.213528116593316e-05,9.726903704499425e-06,6.84661911461126e-05,4.870428823436413e-06,7.762606639789824e-12,82.46,152.5,FAIL,20260910_121233,1
nsga2_20260910_121233,nsga2,9.367165939599897,19.13988621753205,10.498020460065293,2.1433862654999053e-05,7.290834022640967e-05,9.796493259123754e-06,9.104790273977011e-05,4.798890021578085e-06,7.762606639789824e-12,84.1161568182284,131.86725157974593,FAIL,20260910_121233,0
nsga2_20260910_122006,nsga2,9.367165939599897,19.33738657261278,10.498020460065293,2.1433862654999053e-05,6.213528116593316e-05,9.726903704499425e-06,6.83405283517971e-05,4.875145717084851e-06,7.762606639789824e-12,83.1433561581471,152.557788143188,FAIL,20260910_122006,0
nsga2_20260910_122006,nsga2,9.367165939599897,19.358940291438504,10.631397510108947,2.1433862654999053e-05,6.213528116593316e-05,9.869975925778905e-06,6.872356229537434e-05,4.949991357932595e-06,7.803570400532287e-12,66.25120648444097,152.82495653018387,FAIL,20260910_122006,0
nsga2_20260910_122006,nsga2,9.397477158171277,18.930373460044056,1.5380737517637963,6.476878842028327e-06,6.716125414495493e-05,6.519121397946257e-06,6.178208677144525e-05,4.531258028490339e-06,7.75242442825033e-12,85.1811260288661,125.58660856100163,PASS,20260910_122006,0
