run_folder,algorithm,generation,evaluations,var_nm3,var_nm10,var_nm4,var_wnm2,var_wpm5,var_lpm5,var_wnm0,var_lpm0,var_capv,obj_Gain,obj_PM,pass_fail,run_id,is_real
nsga2_20260822_112314,nsga2,1,5,6.260932876862046,4.05238816672741,19.42858285110652,2.594860870172957e-05,1.18518015633358e-05,6.423152677606254e-06,7.77353064999271e-05,6.323531360003884e-06,9.255679343118123e-12,70.31,104.3,FAIL,,
nsga2_20260822_112314,nsga2,2,10,4.865649572846843,5.983953468395141,19.297309266630315,2.58641098353348e-05,4.867354015083401e-05,6.835364727392012e-06,9.617722220827954e-05,7.364544609042903e-06,5.871041699926908e-12,69.21,121.8,FAIL,,
nsga2_20260822_112314,nsga2,3,15,6.2602870198512,4.052078510565102,15.437238063909444,2.594860870172957e-05,1.18518015633358e-05,6.740812347186168e-06,7.77353064999271e-05,6.323531360003884e-06,9.255679343118123e-12,76.62,134.6,FAIL,,
nsga2_20260822_112314,nsga2,4,20,6.2602870198512,4.052078510565102,15.437238063909444,2.594860870172957e-05,1.18518015633358e-05,6.740812347186168e-06,7.77353064999271e-05,6.323531360003884e-06,9.255679343118123e-12,76.62,134.6,FAIL,,
nsga2_20260822_112314,nsga2,5,25,4.890338096737728,5.946356397667664,15.778393222391696,2.58641098353348e-05,3.898873375044416e-05,7.947452691513881e-06,7.757098764640686e-05,7.364544609042903e-06,9.25519791559378e-12,83.91,140.39999999999998,FAIL,,
nsga2_20260822_120724,nsga2,1,6,6.260932876862046,4.05238816672741,19.42858285110652,2.594860870172957e-05,1.18518015633358e-05,6.423152677606254e-06,7.77353064999271e-05,6.323531360003884e-06,9.255679343118123e-12,70.31,104.3,FAIL,,
nsga2_20260822_120724,nsga2,2,12,1.7522646566198543,11.04319600194041,9.727381774822671,2.6210779915447974e-05,6.424041846319568e-05,8.535179771931887e-06,5.941621950499712e-05,6.468450430717373e-06,8.558933689282679e-12,72.51,110.9,FAIL,,
nsga2_20260822_120724,nsga2,3,18,1.7522646566198543,11.04319600194041,9.727381774822671,2.6210779915447974e-05,6.424041846319568e-05,8.535179771931887e-06,5.941621950499712e-05,6.468450430717373e-06,8.558933689282679e-12,72.51,110.9,FAIL,,
nsga2_20260822_120724,nsga2,4,24,1.7522646566198543,4.642611514433865,9.727381774822671,2.6210779915447974e-05,6.423925499053183e-05,6.223183512491517e-06,7.75968868103232e-05,6.31080921646e-06,8.558933689282679e-12,67.88,127.2,FAIL,,
nsga2_20260822_120724,nsga2,5,30,6.260932876862046,10.973763011849764,11.28170877775652,2.6207059091730375e-05,6.557232202523069e-05,8.524913998356304e-06,7.545824389793044e-05,7.15364027788821e-06,8.835071576982719e-12,73.3,145.9,FAIL,,
nsga2_20260822_184355,nsga2,1,6,4.865649572846843,5.983953468395141,15.256928779970998,1.4236315271906184e-05,4.867354015083401e-05,9.817003398111766e-06,9.617722220827954e-05,7.385504437348569e-06,5.871041699926908e-12,58.71999999999999,110.9,FAIL,,
nsga2_20260822_184355,nsga2,2,12,4.865649572846843,5.983953468395141,15.256928779970998,1.4236315271906184e-05,4.867354015083401e-05,9.817003398111766e-06,9.617722220827954e-05,7.385504437348569e-06,5.871041699926908e-12,58.71999999999999,110.9,FAIL,,
nsga2_20260825_120820,nsga2,1,20,10.615233528058086,15.916620559342222,6.60512241330487,3.850795646748557e-05,5.270526345927673e-05,1.9159562220217693e-06,9.650728407477964e-05,4.315544126940916e-06,3.657108300964262e-12,47.82,125.6,FAIL,,
nsga2_20260825_135827,nsga2,1,20,7.47999589101123,8.45544216251895,10.507625216390691,2.8572060728038622e-05,5.663386590054512e-05,7.296794172319813e-06,9.9419632469624e-05,7.6138153066220255e-06,5.414962014354169e-12,75.14,146.8,FAIL,,
nsga2_20260825_164522,nsga2,1,20,12.93391624243323,13.06929749409455,4.493898533684132,3.3747112823717942e-06,4.13282273027481e-05,7.75828584016545e-06,8.157761229268964e-05,7.434897865519616e-06,2.018844572727007e-12,76.84,136.6,FAIL,,
nsga2_20260825_164522,nsga2,2,40,12.93391624243323,13.06929749409455,4.493898533684132,3.3747112823717942e-06,4.13282273027481e-05,7.75828584016545e-06,8.157761229268964e-05,7.434897865519616e-06,2.018844572727007e-12,76.84,136.6,FAIL,,
nsga2_20260825_164522,nsga2,3,60,12.93391624243323,13.06929749409455,4.492598657619723,3.3747112823717942e-06,4.13282273027481e-05,7.757880264673431e-06,8.157761229268964e-05,7.4317523569317245e-06,1.979569491964147e-12,76.68768782604876,137.27518483864182,FAIL,,
nsga2_20260825_164522,nsga2,4,80,4.127754008304448,19.375816472549985,13.497453870731777,2.1573854139617407e-05,9.830960415406184e-05,8.785917330972259e-06,3.4617803499503814e-05,6.107905533619925e-06,7.1531593600558915e-12,81.27,145.09999999999997,FAIL,,
nsga2_20260825_164522,nsga2,5,100,4.127754008304448,19.375816472549985,13.497453870731777,2.1573854139617407e-05,9.830960415406184e-05,8.785917330972259e-06,3.4617803499503814e-05,6.107905533619925e-06,7.1531593600558915e-12,81.27,145.09999999999997,FAIL,,
nsga2_20260825_172933,nsga2,1,20,7.47999589101123,8.45544216251895,10.507625216390691,2.8572060728038622e-05,5.663386590054512e-05,7.296794172319813e-06,9.9419632469624e-05,7.6138153066220255e-06,5.414962014354169e-12,75.14,146.8,FAIL,,
nsga2_20260825_172933,nsga2,2,40,7.47999589101123,8.45544216251895,10.507625216390691,2.8572060728038622e-05,5.663386590054512e-05,7.249222842354688e-06,9.9419632469624e-05,7.6138153066220255e-06,5.414962014354169e-12,75.1125760218458,146.86340388112703,FAIL,,
nsga2_20260825_172933,nsga2,3,60,7.47999589101123,8.45544216251895,10.507625216390691,2.8572060728038622e-05,5.663386590054512e-05,7.249222842354688e-06,9.9419632469624e-05,7.6138153066220255e-06,5.414962014354169e-12,75.1125760218458,146.86340388112703,FAIL,,
nsga2_20260825_172933,nsga2,4,80,7.47999589101123,8.45544216251895,10.507625216390691,2.8572060728038622e-05,5.663386590054512e-05,7.249222842354688e-06,9.9419632469624e-05,7.6138153066220255e-06,5.414962014354169e-12,75.1125760218458,146.86340388112703,FAIL,,
nsga2_20260825_172933,nsga2,5,100,7.47999589101123,8.442493690699047,10.507625216390691,1.7872368518808067e-05,5.634897034966992e-05,7.093487535655823e-06,9.934278640407718e-05,7.51149180235619e-06,5.414962014354169e-12,83.69,143.60000000000002,FAIL,,
nsga2_20260825_181403,nsga2,1,20,7.47999589101123,8.45544216251895,10.507625216390691,2.8572060728038622e-05,5.663386590054512e-05,7.296794172319813e-06,9.9419632469624e-05,7.6138153066220255e-06,5.414962014354169e-12,75.14,146.8,FAIL,,
nsga2_20260825_181403,nsga2,2,40,7.47999589101123,8.45544216251895,10.507625216390691,2.8572060728038622e-05,5.663386590054512e-05,7.296794172319813e-06,9.9419632469624e-05,7.6138153066220255e-06,5.414962014354169e-12,75.14,146.8,FAIL,,
nsga2_20260825_181403,nsga2,3,60,7.47999589101123,8.45544216251895,10.507625216390691,2.8572060728038622e-05,5.663386590054512e-05,7.296794172319813e-06,9.9419632469624e-05,7.6138153066220255e-06,5.414962014354169e-12,75.14,146.8,FAIL,,
nsga2_20260825_181403,nsga2,4,80,7.47999589101123,8.45544216251895,10.507625216390691,2.8572060728038622e-05,5.663386590054512e-05,7.296794172319813e-06,9.9419632469624e-05,7.6138153066220255e-06,5.414962014354169e-12,75.14,146.8,FAIL,,
nsga2_20260825_181403,nsga2,5,100,7.499920681322235,8.57237653389678,19.10630538311683,2.3871849621779752e-05,5.114647032596112e-05,8.566361473899365e-06,6.320411122728866e-05,7.850510196029824e-06,6.149958899802797e-12,79.98,148.1,FAIL,,
nsga2_20260825_185716,nsga2,1,20,7.47999589101123,8.45544216251895,10.507625216390691,2.8572060728038622e-05,5.663386590054512e-05,7.296794172319813e-06,9.9419632469624e-05,7.6138153066220255e-06,5.414962014354169e-12,75.14,146.8,FAIL,,
nsga2_20260825_185716,nsga2,2,40,7.47999589101123,8.45544216251895,10.507625216390691,2.8572060728038622e-05,5.663386590054512e-05,7.296794172319813e-06,9.9419632469624e-05,7.6138153066220255e-06,5.414962014354169e-12,75.14,146.8,FAIL,,
nsga2_20260825_185716,nsga2,3,60,7.47999589101123,8.45544216251895,10.507625216390691,2.8572060728038622e-05,5.663386590054512e-05,7.296794172319813e-06,9.9419632469624e-05,7.6138153066220255e-06,5.414962014354169e-12,75.14,146.8,FAIL,,
nsga2_20260825_185716,nsga2,4,80,7.48058851545852,16.639838095831102,10.500259054086689,2.7897592781864252e-05,5.663386590054512e-05,6.617789931269568e-06,9.9419632469624e-05,6.060529511107273e-06,5.414962014354169e-12,82.91,146.9,FAIL,,
nsga2_20260825_185716,nsga2,5,100,7.48058851545852,16.639838095831102,10.500259054086689,2.7897592781864252e-05,5.663386590054512e-05,6.617789931269568e-06,9.9419632469624e-05,6.060529511107273e-06,5.414962014354169e-12,82.91,146.9,FAIL,,
nsga2_20260827_141853,nsga2,1,20,3.106209252423453,16.77298100179959,17.880692120360976,1.896641146742638e-05,7.261114645643987e-05,7.5459566234523e-06,4.4157840076783945e-05,8.629694560520226e-06,9.809207644557904e-12,79.88,105.0,FAIL,,
nsga2_20260827_141853,nsga2,2,40,19.71820679583796,3.9702589437333273,7.400472652669887,2.891529923284232e-05,7.504904115138555e-05,6.093304287090053e-06,3.834041697577566e-05,1.8774496018941592e-06,9.992739339349294e-12,32.31,140.2,FAIL,,
nsga2_20260827_141853,nsga2,3,60,6.687335556911206,13.322778293213352,2.12577328228637,3.944606489436121e-06,2.811645147771436e-05,4.857939081768927e-06,4.881251864827466e-05,3.860008274722297e-06,1.870517874540717e-12,73.54,136.7,FAIL,,
nsga2_20260827_141853,nsga2,4,80,6.687335556911206,13.322778293213352,2.12577328228637,3.944606489436121e-06,2.811645147771436e-05,4.857939081768927e-06,4.881251864827466e-05,3.860008274722297e-06,1.870517874540717e-12,73.54,136.7,FAIL,,
nsga2_20260827_141853,nsga2,5,100,6.687335556911206,13.322778293213352,2.12577328228637,3.944606489436121e-06,2.811645147771436e-05,4.857939081768927e-06,4.881251864827466e-05,3.860008274722297e-06,1.870517874540717e-12,73.54,136.7,FAIL,,
nsga2_20260827_174615,nsga2,1,5,6.260932876862046,4.05238816672741,19.42858285110652,2.594860870172957e-05,1.18518015633358e-05,6.423152677606254e-06,7.77353064999271e-05,6.323531360003884e-06,9.255679343118123e-12,70.3,104.3,FAIL,,
nsga2_20260827_174615,nsga2,2,10,4.865649572846843,5.983953468395141,19.297309266630315,2.58641098353348e-05,4.867354015083401e-05,6.835364727392012e-06,9.617722220827954e-05,7.364544609042903e-06,5.871041699926908e-12,69.21,121.8,FAIL,,
nsga2_20260827_174615,nsga2,3,15,6.2602870198512,4.052078510565102,15.437238063909444,2.594860870172957e-05,1.18518015633358e-05,6.740812347186168e-06,7.77353064999271e-05,6.323531360003884e-06,9.255679343118123e-12,76.62,134.6,FAIL,,
nsga2_20260827_174615,nsga2,4,20,6.2602870198512,4.052078510565102,15.437238063909444,2.594860870172957e-05,1.18518015633358e-05,6.740812347186168e-06,7.77353064999271e-05,6.323531360003884e-06,9.255679343118123e-12,76.62,134.6,FAIL,,
nsga2_20260827_174615,nsga2,5,25,4.890338096737728,5.946356397667664,15.778393222391696,2.58641098353348e-05,3.898873375044416e-05,7.947452691513881e-06,7.757098764640686e-05,7.364544609042903e-06,9.25519791559378e-12,83.91,140.39999999999998,FAIL,,
nsga2_20260827_181447,nsga2,1,5,15.692263183327512,1.5765741455869526,14.432336817456846,1.889991852388e-05,9.358015536374508e-06,6.774750640565e-06,9.316694631771304e-05,2.4683160967695117e-06,6.670811798068086e-12,40.35,153.3,FAIL,,
nsga2_20260827_181447,nsga2,2,10,15.692263183327512,1.5765741455869526,14.432336817456846,1.889991852388e-05,9.358015536374508e-06,6.774750640565e-06,9.316694631771304e-05,2.4683160967695117e-06,6.670811798068086e-12,40.35,153.3,FAIL,,
nsga2_20260827_181447,nsga2,3,15,15.692263183327512,1.5765741455869526,14.432336817456846,1.889991852388e-05,9.358015536374508e-06,6.774750640565e-06,9.316694631771304e-05,2.4683160967695117e-06,7.682597209816312e-12,40.35,154.8,FAIL,,
nsga2_20260827_181447,nsga2,4,20,15.692263183327512,1.5765741455869526,14.432336817456846,1.889991852388e-05,9.358015536374508e-06,6.774750640565e-06,9.316694631771304e-05,2.4683160967695117e-06,7.682597209816312e-12,40.35,154.8,FAIL,,
nsga2_20260827_181447,nsga2,5,25,15.692263183327512,1.5765741455869526,14.432336817456846,1.889991852388e-05,9.358015536374508e-06,6.774750640565e-06,9.316694631771304e-05,2.4683160967695117e-06,7.682597209816312e-12,40.35,154.8,FAIL,,
nsga2_20260828_001842,nsga2,1,20,3.1062092524234535,16.77298100179959,17.880692120360976,1.896641146742638e-05,7.261114645643987e-05,7.5459566234523e-06,4.4157840076783945e-05,8.629694560520226e-06,9.809207644557905e-12,79.88,105.0,FAIL,20260828_001842,1
nsga2_20260828_001842,nsga2,2,40,19.71820679583796,3.9702589437333273,7.400472652669887,2.891529923284232e-05,7.504904115138555e-05,6.093304287090053e-06,3.834041697577566e-05,1.8774496018941592e-06,9.992739339349294e-12,32.31,140.2,FAIL,20260828_001842,1
nsga2_20260828_001842,nsga2,3,60,6.687335556911206,13.322778293213352,2.12577328228637,3.944606489436121e-06,2.811645147771436e-05,4.857939081768927e-06,4.881251864827466e-05,3.860008274722297e-06,1.870517874540717e-12,73.54,136.7,FAIL,20260828_001842,1
nsga2_20260828_001842,nsga2,4,80,6.687335556911206,13.322778293213352,2.12577328228637,3.944606489436121e-06,2.811645147771436e-05,4.857939081768927e-06,4.881251864827466e-05,3.860008274722297e-06,1.870517874540717e-12,73.54,136.7,FAIL,20260828_001842,1
nsga2_20260828_001842,nsga2,5,100,6.300152887816308,13.352494867488737,14.217788323854037,3.249399686521677e-05,2.811645147771436e-05,4.857939081768927e-06,4.9783909876602916e-05,3.841538026691509e-06,2.307559670062869e-12,78.75,138.7,FAIL,20260828_001842,1
nsga2_20260828_001842,nsga2,6,120,6.836345325161529,13.360384891671318,17.49994892819359,3.2459563274590594e-05,3.2130707512673806e-05,4.96559306030729e-06,9.54970849277903e-05,8.629694560520226e-06,8.15064581393241e-12,81.6,145.2,FAIL,20260828_001842,1
nsga2_20260828_001842,nsga2,7,140,3.646532366260545,4.408371293770228,8.352725931580943,3.22832940307416e-05,2.8590069353228078e-05,9.828295614257585e-06,5.9802542480561646e-05,4.03683615577536e-06,9.845303039314996e-12,79.27,147.1,FAIL,20260828_001842,1
nsga2_20260828_001842,nsga2,8,160,3.646532366260545,4.408371293770228,8.352725931580943,3.22832940307416e-05,2.8590069353228078e-05,9.828295614257585e-06,5.9802542480561646e-05,4.03683615577536e-06,9.845303039314996e-12,79.27,147.1,FAIL,20260828_001842,1
nsga2_20260828_001842,nsga2,9,180,3.646532366260545,4.408371293770228,8.352725931580943,3.22832940307416e-05,2.8590069353228078e-05,8.606827040806938e-06,5.9802542480561646e-05,4.03683615577536e-06,9.56957711038207e-12,79.76,153.1,FAIL,20260828_001842,1
nsga2_20260828_001842,nsga2,10,200,3.646532366260545,4.408371293770228,8.352725931580943,3.22832940307416e-05,2.8590069353228078e-05,8.606827040806938e-06,5.9802542480561646e-05,4.03683615577536e-06,9.56957711038207e-12,79.76,153.1,FAIL,20260828_001842,1
nsga2_20260828_001842,nsga2,11,220,3.646532366260545,4.408371293770228,8.352725931580943,3.22832940307416e-05,2.8590069353228078e-05,8.374674606380945e-06,5.9802542480561646e-05,4.03683615577536e-06,9.56957711038207e-12,79.86,154.2,FAIL,20260828_001842,1
nsga2_20260828_001842,nsga2,12,240,3.646532366260545,4.408371293770228,8.352725931580943,3.22832940307416e-05,2.8590069353228078e-05,8.374674606380945e-06,5.9802542480561646e-05,4.03683615577536e-06,9.56957711038207e-12,79.86,154.2,FAIL,20260828_001842,1
nsga2_20260828_001842,nsga2,13,260,3.646532366260545,4.408371293770228,8.352725931580943,3.22832940307416e-05,2.8590069353228078e-05,8.374674606380945e-06,5.9802542480561646e-05,4.03683615577536e-06,9.56957711038207e-12,79.86,154.2,FAIL,20260828_001842,1
nsga2_20260828_001842,nsga2,14,280,3.646532366260545,4.408371293770228,8.352725931580943,3.22832940307416e-05,2.8590069353228078e-05,8.374674606380945e-06,5.9802542480561646e-05,4.03683615577536e-06,9.56957711038207e-12,79.86,154.2,FAIL,20260828_001842,1
nsga2_20260828_001842,nsga2,15,300,3.646532366260545,4.408371293770228,8.352725931580943,3.22832940307416e-05,2.8590069353228078e-05,8.374674606380945e-06,5.9802542480561646e-05,4.03683615577536e-06,9.56957711038207e-12,79.86,154.2,FAIL,20260828_001842,1
nsga2_20260828_001842,nsga2,16,320,4.900480172188689,6.274058505346476,8.355723928153147,3.0727247567705755e-05,3.183709374051391e-05,8.618091439825802e-06,5.9802542480561646e-05,3.8011147996770325e-06,9.818938771371196e-12,78.56,155.30000000000004,FAIL,20260828_001842,1
nsga2_20260828_001842,nsga2,17,340,4.900480172188689,6.274058505346476,8.355723928153147,3.0727247567705755e-05,3.183709374051391e-05,8.618091439825802e-06,5.9802542480561646e-05,3.8011147996770325e-06,9.818938771371196e-12,78.56,155.30000000000004,FAIL,20260828_001842,1
nsga2_20260828_001842,nsga2,18,360,4.900480172188689,6.274058505346476,8.355723928153147,3.0727247567705755e-05,3.183709374051391e-05,8.618091439825802e-06,5.9802542480561646e-05,3.8011147996770325e-06,9.818938771371196e-12,78.56,155.30000000000004,FAIL,20260828_001842,1
nsga2_20260828_001842,nsga2,19,380,4.900480172188689,6.274058505346476,8.355723928153147,3.0727247567705755e-05,3.183709374051391e-05,8.618091439825802e-06,5.9802542480561646e-05,3.8011147996770325e-06,9.818938771371196e-12,78.56,155.30000000000004,FAIL,20260828_001842,1
nsga2_20260828_001842,nsga2,20,400,4.900480172188689,6.274058505346476,8.355723928153147,3.0727247567705755e-05,3.183709374051391e-05,8.618091439825802e-06,5.9802542480561646e-05,3.8011147996770325e-06,9.818938771371196e-12,78.56,155.30000000000004,FAIL,20260828_001842,1
nsga2_20260828_001842,nsga2,21,420,4.900480172188689,6.274058505346476,8.355723928153147,3.0727247567705755e-05,3.183709374051391e-05,8.618091439825802e-06,5.9802542480561646e-05,3.8011147996770325e-06,9.818938771371196e-12,78.56,155.30000000000004,FAIL,20260828_001842,1
nsga2_20260828_001842,nsga2,22,440,4.900480172188689,6.274058505346476,8.355723928153147,3.0727247567705755e-05,3.183709374051391e-05,8.618091439825802e-06,5.9802542480561646e-05,3.8011147996770325e-06,9.818938771371196e-12,78.56,155.30000000000004,FAIL,20260828_001842,1
nsga2_20260828_001842,nsga2,23,460,4.900480172188689,6.274058505346476,8.355723928153147,3.0727247567705755e-05,3.183709374051391e-05,8.618091439825802e-06,5.9802542480561646e-05,3.8011147996770325e-06,9.818938771371196e-12,78.56,155.30000000000004,FAIL,20260828_001842,1
nsga2_20260828_001842,nsga2,24,480,4.900480172188689,6.274058505346476,8.355723928153147,3.0727247567705755e-05,3.183709374051391e-05,8.618091439825802e-06,5.9802542480561646e-05,3.8011147996770325e-06,9.818938771371196e-12,78.56,155.30000000000004,FAIL,20260828_001842,1
nsga2_20260828_001842,nsga2,25,500,4.900480172188689,6.274058505346476,8.355723928153147,3.0727247567705755e-05,3.183709374051391e-05,8.618091439825802e-06,5.9802542480561646e-05,3.8011147996770325e-06,9.818938771371196e-12,78.56,155.30000000000004,FAIL,20260828_001842,1
nsga2_20260828_001842,nsga2,26,520,4.900480172188689,6.274058505346476,8.355723928153147,3.0727247567705755e-05,3.183709374051391e-05,8.618091439825802e-06,5.9802542480561646e-05,3.8011147996770325e-06,9.818938771371196e-12,78.56,155.30000000000004,FAIL,20260828_001842,1
nsga2_20260828_001842,nsga2,27,540,4.900480172188689,6.274058505346476,8.355723928153147,3.0727247567705755e-05,3.183709374051391e-05,8.618091439825802e-06,5.9802542480561646e-05,3.8011147996770325e-06,9.818938771371196e-12,78.56,155.30000000000004,FAIL,20260828_001842,1
nsga2_20260828_001842,nsga2,28,560,4.900480172188689,6.274058505346476,8.355723928153147,3.0727247567705755e-05,3.183709374051391e-05,8.618091439825802e-06,5.9802542480561646e-05,3.8011147996770325e-06,9.818938771371196e-12,78.56,155.30000000000004,FAIL,20260828_001842,1
nsga2_20260828_001842,nsga2,29,580,4.900480172188689,6.274058505346476,8.355723928153147,3.0727247567705755e-05,3.183709374051391e-05,8.618091439825802e-06,5.9802542480561646e-05,3.8011147996770325e-06,9.818938771371196e-12,78.56,155.30000000000004,FAIL,20260828_001842,1
nsga2_20260828_001842,nsga2,30,600,4.900480172188689,6.274058505346476,8.355723928153147,3.0727247567705755e-05,3.183709374051391e-05,8.618091439825802e-06,5.9802542480561646e-05,3.8011147996770325e-06,9.818938771371196e-12,78.56,155.30000000000004,FAIL,20260828_001842,1
nsga2_20260828_001842,nsga2,31,620,4.900480172188689,6.274058505346476,8.355723928153147,3.0727247567705755e-05,3.183709374051391e-05,8.618091439825802e-06,5.9802542480561646e-05,3.8011147996770325e-06,9.818938771371196e-12,78.56,155.30000000000004,FAIL,20260828_001842,1
nsga2_20260828_001842,nsga2,32,640,4.900480172188689,6.274058505346476,8.355723928153147,3.0727247567705755e-05,3.183709374051391e-05,8.618091439825802e-06,5.9802542480561646e-05,3.8011147996770325e-06,9.818938771371196e-12,78.56,155.30000000000004,FAIL,20260828_001842,1
nsga2_20260828_001842,nsga2,33,660,4.900480172188689,6.274058505346476,8.355723928153147,3.0727247567705755e-05,3.183709374051391e-05,8.618091439825802e-06,5.9802542480561646e-05,3.8011147996770325e-06,9.818938771371196e-12,78.56,155.30000000000004,FAIL,20260828_001842,1
nsga2_20260828_001842,nsga2,34,680,4.900480172188689,6.274058505346476,8.355723928153147,3.0727247567705755e-05,3.183709374051391e-05,8.618091439825802e-06,5.9802542480561646e-05,3.8011147996770325e-06,9.818938771371196e-12,78.56,155.30000000000004,FAIL,20260828_001842,1
nsga2_20260828_001842,nsga2,35,700,4.900480172188689,6.274058505346476,8.355723928153147,3.0727247567705755e-05,3.183709374051391e-05,8.618091439825802e-06,5.9802542480561646e-05,3.8011147996770325e-06,9.818938771371196e-12,78.56,155.30000000000004,FAIL,20260828_001842,1
nsga2_20260828_001842,nsga2,36,720,4.900480172188689,6.274058505346476,8.355723928153147,3.0727247567705755e-05,3.183709374051391e-05,8.618091439825802e-06,5.9802542480561646e-05,3.8011147996770325e-06,9.818938771371196e-12,78.56,155.30000000000004,FAIL,20260828_001842,1
nsga2_20260828_001842,nsga2,37,740,4.900480172188689,6.274058505346476,8.355723928153147,3.0727247567705755e-05,3.183709374051391e-05,8.618091439825802e-06,5.9802542480561646e-05,3.8011147996770325e-06,9.818938771371196e-12,78.56,155.30000000000004,FAIL,20260828_001842,1
nsga2_20260828_001842,nsga2,38,760,4.900480172188689,6.274058505346476,8.355723928153147,3.0727247567705755e-05,3.183709374051391e-05,8.618091439825802e-06,5.9802542480561646e-05,3.8011147996770325e-06,9.818938771371196e-12,78.56,155.30000000000004,FAIL,20260828_001842,1
nsga2_20260828_001842,nsga2,39,780,4.900480172188689,6.274058505346476,8.355723928153147,3.0727247567705755e-05,3.183709374051391e-05,8.618091439825802e-06,5.9802542480561646e-05,3.8011147996770325e-06,9.818938771371196e-12,78.56,155.30000000000004,FAIL,20260828_001842,1
nsga2_20260828_001842,nsga2,40,800,4.900480172188689,6.274058505346476,8.355723928153147,3.0727247567705755e-05,3.183709374051391e-05,8.618091439825802e-06,5.9802542480561646e-05,3.8011147996770325e-06,9.818938771371196e-12,78.56,155.30000000000004,FAIL,20260828_001842,1
nsga2_20260828_001842,nsga2,41,820,4.900480172188689,6.274058505346476,8.355723928153147,3.0727247567705755e-05,3.183709374051391e-05,8.618091439825802e-06,5.9802542480561646e-05,3.8011147996770325e-06,9.818938771371196e-12,78.56,155.30000000000004,FAIL,20260828_001842,1
nsga2_20260828_001842,nsga2,42,840,4.900480172188689,6.274058505346476,8.355723928153147,3.0727247567705755e-05,3.183709374051391e-05,8.618091439825802e-06,5.9802542480561646e-05,3.8011147996770325e-06,9.818938771371196e-12,78.56,155.30000000000004,FAIL,20260828_001842,1
nsga2_20260828_001842,nsga2,43,860,4.900480172188689,6.274058505346476,8.355723928153147,3.0727247567705755e-05,3.183709374051391e-05,8.618091439825802e-06,5.9802542480561646e-05,3.8011147996770325e-06,9.818938771371196e-12,78.56,155.30000000000004,FAIL,20260828_001842,1
nsga2_20260828_001842,nsga2,44,880,4.900480172188689,6.274058505346476,8.355723928153147,3.0727247567705755e-05,3.183709374051391e-05,8.618091439825802e-06,5.9802542480561646e-05,3.8011147996770325e-06,9.818938771371196e-12,78.56,155.30000000000004,FAIL,20260828_001842,1
nsga2_20260828_001842,nsga2,45,900,4.900480172188689,6.274058505346476,8.355723928153147,3.0727247567705755e-05,3.183709374051391e-05,8.618091439825802e-06,5.9802542480561646e-05,3.8011147996770325e-06,9.818938771371196e-12,78.56,155.30000000000004,FAIL,20260828_001842,1
nsga2_20260828_001842,nsga2,46,920,4.900480172188689,6.274058505346476,8.355723928153147,3.0727247567705755e-05,3.183709374051391e-05,8.618091439825802e-06,5.9802542480561646e-05,3.8011147996770325e-06,9.818938771371196e-12,78.56,155.30000000000004,FAIL,20260828_001842,1
nsga2_20260828_001842,nsga2,47,940,4.900480172188689,6.274058505346476,8.355723928153147,3.0727247567705755e-05,3.183709374051391e-05,8.618091439825802e-06,5.9802542480561646e-05,3.8011147996770325e-06,9.818938771371196e-12,78.56,155.30000000000004,FAIL,20260828_001842,1
nsga2_20260828_001842,nsga2,48,960,4.900480172188689,6.274058505346476,8.355723928153147,3.0727247567705755e-05,3.183709374051391e-05,8.618091439825802e-06,5.9802542480561646e-05,3.8011147996770325e-06,9.818938771371196e-12,78.56,155.30000000000004,FAIL,20260828_001842,1
nsga2_20260828_001842,nsga2,49,980,4.900480172188689,6.274058505346476,8.355723928153147,3.0727247567705755e-05,3.183709374051391e-05,8.618091439825802e-06,5.9802542480561646e-05,3.8011147996770325e-06,9.818938771371196e-12,78.56,155.30000000000004,FAIL,20260828_001842,1
nsga2_20260828_001842,nsga2,50,1000,4.900480172188689,6.274058505346476,8.355723928153147,3.0727247567705755e-05,3.183709374051391e-05,8.618091439825802e-06,5.9802542480561646e-05,3.8011147996770325e-06,9.818938771371196e-12,78.56,155.30000000000004,FAIL,20260828_001842,1
nsga2_20260828_081956,nsga2,1,20,10.615233528058086,15.916620559342222,6.60512241330487,3.850795646748557e-05,5.270526345927673e-05,1.9159562220217693e-06,9.650728407477964e-05,4.315544126940916e-06,3.657108300964262e-12,47.82,125.6,FAIL,20260828_081956,1
nsga2_20260828_081956,nsga2,2,40,4.867412703487644,5.956695848103986,5.5477216526780255,1.4236315271906184e-05,4.867354015083401e-05,9.678201079361269e-06,9.704722401221916e-05,7.385504437348569e-06,5.871041699926908e-12,83.78,136.7,FAIL,20260828_081956,1
nsga2_20260828_095030,nsga2,1,50,18.226042697478974,10.496198213001072,10.701146467506147,1.3832210256420807e-05,6.119986697056147e-05,8.996418046551532e-07,5.6105380650545934e-05,7.735831291047274e-06,7.6206551399027e-12,40.81,135.5,FAIL,20260828_095030,1
nsga2_20260828_095030,nsga2,2,100,2.612096615714593,7.671278847343471,5.011340471961262,4.3768457516612356e-05,7.101339412278114e-05,3.4884972862400214e-06,7.891484360270383e-05,4.5876731821122374e-06,9.827075276244203e-12,83.39,151.5,FAIL,20260828_095030,1
nsga2_20260828_102807,nsga2,1,20,3.1062092524234535,16.77298100179959,17.880692120360976,1.896641146742638e-05,7.261114645643987e-05,7.5459566234523e-06,4.4157840076783945e-05,8.629694560520226e-06,9.809207644557905e-12,79.88,105.0,FAIL,20260828_102807,1
nsga2_20260828_102807,nsga2,2,40,19.71820679583796,3.9702589437333273,7.400472652669887,2.891529923284232e-05,7.504904115138555e-05,6.093304287090053e-06,3.834041697577566e-05,1.8774496018941592e-06,9.992739339349294e-12,32.31,140.2,FAIL,20260828_102807,1
nsga2_20260828_102807,nsga2,3,60,19.07901511339822,5.710873658760003,16.740452820216085,8.023844294403324e-06,5.2955301744849034e-05,1.7912362381948128e-06,2.1633865752332587e-05,7.91426088212e-06,5.1199169429088946e-12,38.61,135.9,FAIL,20260828_102807,1
nsga2_20260828_102807,nsga2,4,80,19.07901511339822,5.710873658760003,16.740452820216085,8.023844294403324e-06,5.2955301744849034e-05,1.7912362381948128e-06,2.1633865752332587e-05,7.91426088212e-06,5.1199169429088946e-12,38.61,135.9,FAIL,20260828_102807,1
nsga2_20260828_103845,nsga2,1,20,3.1062092524234535,16.77298100179959,17.880692120360976,1.896641146742638e-05,7.261114645643987e-05,7.5459566234523e-06,4.4157840076783945e-05,8.629694560520226e-06,9.809207644557905e-12,79.88,105.0,FAIL,20260828_103845,1
nsga2_20260828_103845,nsga2,2,40,19.71820679583796,3.9702589437333273,7.400472652669887,2.891529923284232e-05,7.504904115138555e-05,6.093304287090053e-06,3.834041697577566e-05,1.8774496018941592e-06,9.992739339349294e-12,32.31,140.2,FAIL,20260828_103845,1
nsga2_20260828_103845,nsga2,3,60,19.71820679583796,3.9702589437333273,7.400472652669887,2.891529923284232e-05,7.504904115138555e-05,6.093304287090053e-06,3.834041697577566e-05,1.8774496018941592e-06,9.992739339349294e-12,32.31,140.2,FAIL,20260828_103845,1
nsga2_20260828_103845,nsga2,4,80,19.71820679583796,3.9702589437333273,7.400472652669887,2.891529923284232e-05,7.504904115138555e-05,6.093304287090053e-06,3.834041697577566e-05,1.8774496018941592e-06,9.992739339349294e-12,32.31,140.2,FAIL,20260828_103845,1
nsga2_20260828_104606,nsga2,1,20,3.1062092524234535,16.77298100179959,17.880692120360976,1.896641146742638e-05,7.261114645643987e-05,7.5459566234523e-06,4.4157840076783945e-05,8.629694560520226e-06,9.809207644557905e-12,79.88,105.0,FAIL,20260828_104606,1
nsga2_20260828_104606,nsga2,2,40,19.71820679583796,3.9702589437333273,7.400472652669887,2.891529923284232e-05,7.504904115138555e-05,6.093304287090053e-06,3.834041697577566e-05,1.8774496018941592e-06,9.992739339349294e-12,32.31,140.2,FAIL,20260828_104606,1
nsga2_20260828_104606,nsga2,3,60,19.71820679583796,3.9702589437333273,7.400472652669887,2.891529923284232e-05,7.504904115138555e-05,6.093304287090053e-06,3.834041697577566e-05,1.8774496018941592e-06,9.992739339349294e-12,32.31,140.2,FAIL,20260828_104606,1
nsga2_20260828_104606,nsga2,4,80,19.71820679583796,3.9702589437333273,7.400472652669887,2.891529923284232e-05,7.504904115138555e-05,6.093304287090053e-06,3.834041697577566e-05,1.8774496018941592e-06,9.992739339349294e-12,32.31,140.2,FAIL,20260828_104606,1
nsga2_20260828_105926,nsga2,1,20,3.1062092524234535,16.77298100179959,17.880692120360976,1.896641146742638e-05,7.261114645643987e-05,7.5459566234523e-06,4.4157840076783945e-05,8.629694560520226e-06,9.809207644557905e-12,79.88,105.0,FAIL,20260828_105926,1
nsga2_20260828_105926,nsga2,2,40,19.71820679583796,3.9702589437333273,7.400472652669887,2.891529923284232e-05,7.504904115138555e-05,6.093304287090053e-06,3.834041697577566e-05,1.8774496018941592e-06,9.992739339349294e-12,32.31,140.2,FAIL,20260828_105926,1
nsga2_20260828_105926,nsga2,3,60,19.07901511339822,5.710873658760003,16.740452820216085,8.023844294403324e-06,5.2955301744849034e-05,1.7912362381948128e-06,2.1633865752332587e-05,7.91426088212e-06,5.1199169429088946e-12,38.61,135.9,FAIL,20260828_105926,1
nsga2_20260828_105926,nsga2,4,80,19.07901511339822,5.710873658760003,16.740452820216085,8.023844294403324e-06,5.2955301744849034e-05,1.7912362381948128e-06,2.1633865752332587e-05,7.91426088212e-06,5.1199169429088946e-12,38.61,135.9,FAIL,20260828_105926,1
nsga2_20260828_111115,nsga2,1,20,3.1062092524234535,16.77298100179959,17.880692120360976,1.896641146742638e-05,7.261114645643987e-05,7.5459566234523e-06,4.4157840076783945e-05,8.629694560520226e-06,9.809207644557905e-12,79.88,105.0,FAIL,20260828_111115,1
nsga2_20260828_111115,nsga2,2,40,3.1062092524234535,16.77298100179959,17.880692120360976,1.896641146742638e-05,7.261114645643987e-05,7.5459566234523e-06,4.4157840076783945e-05,8.629694560520226e-06,9.809207644557905e-12,79.88,105.0,FAIL,20260828_111115,1
nsga2_20260828_111115,nsga2,3,60,3.1062092524234535,16.77298100179959,17.880692120360976,1.896641146742638e-05,7.261114645643987e-05,7.5459566234523e-06,4.4157840076783945e-05,8.629694560520226e-06,9.809207644557905e-12,79.88,105.0,FAIL,20260828_111115,1
nsga2_20260828_111115,nsga2,4,80,9.96448600662405,16.82303538663286,17.74654309029023,2.9312194567714625e-05,3.878462101637711e-05,5.076544925790443e-06,4.0255707429921175e-05,6.024392183960744e-07,9.359036402993315e-12,67.0908209964263,123.35176162930455,FAIL,20260828_111115,0
nsga2_20260828_112108,nsga2,1,20,3.5989938402186006,5.729497814238431,8.273668664837738,3.2559229114234445e-05,8.380510687808783e-05,7.872303496599526e-06,3.414970285087154e-05,1.911403013587076e-06,5.113174480231311e-12,35.93,114.9,FAIL,20260828_112108,1
nsga2_20260828_112108,nsga2,2,40,5.880222184433576,16.92980173148797,8.396327706106517,2.772330587927425e-06,1.008856563407242e-05,2.9082855745722014e-06,1.844814162570429e-05,5.854718723134718e-07,5.9178165405819424e-12,47.260000000000005,141.3,FAIL,20260828_112108,1
nsga2_20260828_112108,nsga2,3,60,5.880222184433576,16.92980173148797,8.396327706106517,2.772330587927425e-06,1.008856563407242e-05,2.9082855745722014e-06,1.844814162570429e-05,5.854718723134718e-07,5.9178165405819424e-12,47.260000000000005,141.3,FAIL,20260828_112108,1
nsga2_20260828_112108,nsga2,4,80,5.880222184433576,16.92980173148797,8.396327706106517,2.772330587927425e-06,1.008856563407242e-05,2.9082855745722014e-06,1.844814162570429e-05,5.854718723134718e-07,5.9178165405819424e-12,47.260000000000005,141.3,FAIL,20260828_112108,1
nsga2_20260828_114605,nsga2,1,20,3.1062092524234535,16.77298100179959,17.880692120360976,1.896641146742638e-05,7.261114645643987e-05,7.5459566234523e-06,4.4157840076783945e-05,8.629694560520226e-06,9.809207644557905e-12,79.87987558849856,104.9991320581793,FAIL,20260828_114605,0
nsga2_20260828_114605,nsga2,2,40,3.1062092524234535,16.77298100179959,17.880692120360976,1.896641146742638e-05,7.261114645643987e-05,7.5459566234523e-06,4.4157840076783945e-05,8.629694560520226e-06,9.809207644557905e-12,79.87987558849856,104.9991320581793,FAIL,20260828_114605,0
nsga2_20260828_114605,nsga2,3,60,3.1062092524234535,16.77298100179959,17.880692120360976,1.896641146742638e-05,7.261114645643987e-05,7.5459566234523e-06,4.4157840076783945e-05,8.629694560520226e-06,9.809207644557905e-12,79.87987558849856,104.9991320581793,FAIL,20260828_114605,0
nsga2_20260828_114605,nsga2,4,80,9.795864793003219,17.565009473654115,8.537769777592578,2.946040631110923e-05,5.225429939631942e-05,7.4607450164072876e-06,4.3992718839719095e-05,5.564421567570399e-07,3.2486588869940314e-12,57.51299981158365,123.80522472618487,FAIL,20260828_114605,0
nsga2_20260828_114617,nsga2,1,20,3.1062092524234535,16.77298100179959,17.880692120360976,1.896641146742638e-05,7.261114645643987e-05,7.5459566234523e-06,4.4157840076783945e-05,8.629694560520226e-06,9.809207644557905e-12,79.87987558849856,104.9991320581793,FAIL,20260828_114617,0
nsga2_20260828_114617,nsga2,2,40,3.1062092524234535,16.77298100179959,17.880692120360976,1.896641146742638e-05,7.261114645643987e-05,7.5459566234523e-06,4.4157840076783945e-05,8.629694560520226e-06,9.809207644557905e-12,79.87987558849856,104.9991320581793,FAIL,20260828_114617,0
nsga2_20260828_114617,nsga2,3,60,3.1062092524234535,16.77298100179959,17.880692120360976,1.896641146742638e-05,7.261114645643987e-05,7.5459566234523e-06,4.4157840076783945e-05,8.629694560520226e-06,9.809207644557905e-12,79.87987558849856,104.9991320581793,FAIL,20260828_114617,0
nsga2_20260828_114617,nsga2,4,80,9.795864793003219,17.565009473654115,8.537769777592578,2.946040631110923e-05,5.225429939631942e-05,7.4607450164072876e-06,4.3992718839719095e-05,5.564421567570399e-07,3.2486588869940314e-12,57.51299981158365,123.80522472618487,FAIL,20260828_114617,0
nsga2_20260828_114722,nsga2,1,20,3.1062092524234535,16.77298100179959,17.880692120360976,1.896641146742638e-05,7.261114645643987e-05,7.5459566234523e-06,4.4157840076783945e-05,8.629694560520226e-06,9.809207644557905e-12,79.87987558849856,104.9991320581793,FAIL,20260828_114722,0
nsga2_20260828_114722,nsga2,2,40,3.1062092524234535,16.77298100179959,17.880692120360976,1.896641146742638e-05,7.261114645643987e-05,7.5459566234523e-06,4.4157840076783945e-05,8.629694560520226e-06,9.809207644557905e-12,79.87987558849856,104.9991320581793,FAIL,20260828_114722,0
nsga2_20260828_114722,nsga2,3,60,3.1062092524234535,16.77298100179959,17.880692120360976,1.896641146742638e-05,7.261114645643987e-05,7.5459566234523e-06,4.4157840076783945e-05,8.629694560520226e-06,9.809207644557905e-12,79.87987558849856,104.9991320581793,FAIL,20260828_114722,0
nsga2_20260828_114722,nsga2,4,80,9.795864793003219,17.565009473654115,8.537769777592578,2.946040631110923e-05,5.225429939631942e-05,7.4607450164072876e-06,4.3992718839719095e-05,5.564421567570399e-07,3.2486588869940314e-12,57.51299981158365,123.80522472618487,FAIL,20260828_114722,0
nsga2_20260828_114732,nsga2,1,20,3.1062092524234535,16.77298100179959,17.880692120360976,1.896641146742638e-05,7.261114645643987e-05,7.5459566234523e-06,4.4157840076783945e-05,8.629694560520226e-06,9.809207644557905e-12,79.87987558849856,104.9991320581793,FAIL,20260828_114732,0
nsga2_20260828_114732,nsga2,2,40,3.1062092524234535,16.77298100179959,17.880692120360976,1.896641146742638e-05,7.261114645643987e-05,7.5459566234523e-06,4.4157840076783945e-05,8.629694560520226e-06,9.809207644557905e-12,79.87987558849856,104.9991320581793,FAIL,20260828_114732,0
nsga2_20260828_114732,nsga2,3,60,3.1062092524234535,16.77298100179959,17.880692120360976,1.896641146742638e-05,7.261114645643987e-05,7.5459566234523e-06,4.4157840076783945e-05,8.629694560520226e-06,9.809207644557905e-12,79.87987558849856,104.9991320581793,FAIL,20260828_114732,0
nsga2_20260828_114732,nsga2,4,80,9.795864793003219,17.565009473654115,8.537769777592578,2.946040631110923e-05,5.225429939631942e-05,7.4607450164072876e-06,4.3992718839719095e-05,5.564421567570399e-07,3.2486588869940314e-12,57.51299981158365,123.80522472618487,FAIL,20260828_114732,0
nsga2_20260828_115723,nsga2,1,20,3.1062092524234535,16.77298100179959,17.880692120360976,1.896641146742638e-05,7.261114645643987e-05,7.5459566234523e-06,4.4157840076783945e-05,8.629694560520226e-06,9.809207644557905e-12,79.879875156973,104.99886257195848,FAIL,20260828_115723,0
nsga2_20260828_115723,nsga2,2,40,3.1062092524234535,16.77298100179959,17.880692120360976,1.896641146742638e-05,7.261114645643987e-05,7.5459566234523e-06,4.4157840076783945e-05,8.629694560520226e-06,9.809207644557905e-12,79.879875156973,104.99886257195848,FAIL,20260828_115723,0
nsga2_20260828_115723,nsga2,3,60,3.1062092524234535,16.77298100179959,17.880692120360976,1.905102068199741e-05,7.261114645643987e-05,7.241491070769521e-06,4.4157840076783945e-05,8.629694560520226e-06,9.809207644557905e-12,79.97234090382747,105.26296591955597,FAIL,20260828_115723,0
nsga2_20260828_115723,nsga2,4,80,3.65137020529259,16.775440185653668,17.880692120360976,4.2010057643665915e-05,7.261114645643987e-05,7.5459566234523e-06,4.420749367493633e-05,8.913035350655441e-06,3.5465367503207717e-12,99.98835410961595,105.6952307449403,PASS,20260828_115723,0
nsga2_20260828_120428,nsga2,1,20,3.1062092524234535,16.77298100179959,17.880692120360976,1.896641146742638e-05,7.261114645643987e-05,7.5459566234523e-06,4.4157840076783945e-05,8.629694560520226e-06,9.809207644557905e-12,79.87987678945753,104.99811800131906,FAIL,20260828_120428,0
nsga2_20260828_120428,nsga2,2,40,3.1062092524234535,16.77298100179959,17.880692120360976,1.896641146742638e-05,7.261114645643987e-05,7.5459566234523e-06,4.4157840076783945e-05,8.629694560520226e-06,9.809207644557905e-12,79.87987678945753,104.99811800131906,FAIL,20260828_120428,0
nsga2_20260828_120428,nsga2,3,60,3.1062092524234535,16.77298100179959,17.880692120360976,2.1411421211005276e-05,7.261114645643987e-05,7.5459566234523e-06,4.4157840076783945e-05,8.629694560520226e-06,9.809207644557905e-12,82.51694848736561,104.9981176267849,FAIL,20260828_120428,0
nsga2_20260828_120428,nsga2,4,80,3.1062092524234535,18.2231253614037,17.149170358860342,2.1411421211005276e-05,7.130902960597217e-05,7.435211221205438e-06,4.4076698800359825e-05,8.728551152945154e-06,9.809207644557905e-12,80.93422576024464,111.4112262288054,FAIL,20260828_120428,0
nsga2_20260828_120906,nsga2,1,20,3.1062092524234535,16.77298100179959,17.880692120360976,1.896641146742638e-05,7.261114645643987e-05,7.5459566234523e-06,4.4157840076783945e-05,8.629694560520226e-06,9.809207644557905e-12,79.87987678945753,104.99811800131906,FAIL,20260828_120906,0
nsga2_20260828_120906,nsga2,2,40,3.1062092524234535,16.77298100179959,17.880692120360976,1.896641146742638e-05,7.261114645643987e-05,7.5459566234523e-06,4.4157840076783945e-05,8.629694560520226e-06,9.809207644557905e-12,79.87987678945753,104.99811800131906,FAIL,20260828_120906,0
nsga2_20260828_120906,nsga2,3,60,3.1062092524234535,16.77298100179959,17.880692120360976,2.1411421211005276e-05,7.261114645643987e-05,7.5459566234523e-06,4.4157840076783945e-05,8.629694560520226e-06,9.809207644557905e-12,82.51694848736561,104.9981176267849,FAIL,20260828_120906,0
nsga2_20260828_120906,nsga2,4,80,3.1062092524234535,16.77298100179959,17.880692120360976,2.1411421211005276e-05,7.261114645643987e-05,7.5459566234523e-06,4.4157840076783945e-05,8.629694560520226e-06,9.809207644557905e-12,82.51694848736561,104.9981176267849,FAIL,20260828_120906,0
nsga2_20260828_120956,nsga2,1,20,3.1062092524234535,16.77298100179959,17.880692120360976,1.896641146742638e-05,7.261114645643987e-05,7.5459566234523e-06,4.4157840076783945e-05,8.629694560520226e-06,9.809207644557905e-12,79.8798706652587,104.99874771108881,FAIL,20260828_120956,0
nsga2_20260828_120956,nsga2,2,40,3.1062092524234535,16.77298100179959,17.880692120360976,1.896641146742638e-05,7.261114645643987e-05,7.5459566234523e-06,4.4157840076783945e-05,8.629694560520226e-06,9.809207644557905e-12,79.8798706652587,104.99874771108881,FAIL,20260828_120956,0
nsga2_20260828_120956,nsga2,3,60,3.1062092524234535,16.77298100179959,17.880692120360976,1.896641146742638e-05,7.261114645643987e-05,7.5459566234523e-06,4.4157840076783945e-05,8.629694560520226e-06,9.809207644557905e-12,79.8798706652587,104.99874771108881,FAIL,20260828_120956,0
nsga2_20260828_120956,nsga2,4,80,9.815120903489879,17.74905134401393,19.20259402302867,4.1548329308709644e-05,3.5120825396143926e-05,5.560270450851562e-06,3.0337754566428886e-05,9.024309507363749e-06,9.818839435404066e-12,71.39634506047594,116.98323351595508,FAIL,20260828_120956,0
nsga2_20260828_123750,nsga2,1,20,3.1062092524234535,16.77298100179959,17.880692120360976,1.896641146742638e-05,7.261114645643987e-05,7.5459566234523e-06,4.4157840076783945e-05,8.629694560520226e-06,9.809207644557905e-12,79.87987082398159,104.99789434956553,FAIL,20260828_123750,0
nsga2_20260828_123750,nsga2,2,40,3.1062092524234535,16.77298100179959,17.880692120360976,1.896641146742638e-05,7.261114645643987e-05,7.5459566234523e-06,4.4157840076783945e-05,8.629694560520226e-06,9.809207644557905e-12,79.87987082398159,104.99789434956553,FAIL,20260828_123750,0
nsga2_20260828_123750,nsga2,3,60,3.1062092524234535,16.77298100179959,17.880692120360976,1.896641146742638e-05,7.261114645643987e-05,7.5459566234523e-06,4.4157840076783945e-05,8.629694560520226e-06,9.809207644557905e-12,79.87987082398159,104.99789434956553,FAIL,20260828_123750,0
nsga2_20260828_123750,nsga2,4,80,3.1062092524234535,16.769599034552645,17.76961702611537,1.907981282437092e-05,8.302332488799873e-05,7.5459566234523e-06,4.4157840076783945e-05,8.629694560520226e-06,4.556542079421342e-12,85.34394307638264,103.26346058062992,PASS,20260828_123750,0
nsga2_20260828_124018,nsga2,1,20,3.1062092524234535,16.77298100179959,17.880692120360976,1.896641146742638e-05,7.261114645643987e-05,7.5459566234523e-06,4.4157840076783945e-05,8.629694560520226e-06,9.809207644557905e-12,79.87987457236638,104.99954562866421,FAIL,20260828_124018,0
nsga2_20260828_124018,nsga2,2,40,3.1062092524234535,16.77298100179959,17.880692120360976,1.896641146742638e-05,7.261114645643987e-05,7.5459566234523e-06,4.4157840076783945e-05,8.629694560520226e-06,9.809207644557905e-12,79.87987457236638,104.99954562866421,FAIL,20260828_124018,0
nsga2_20260828_124018,nsga2,3,60,3.1062092524234535,16.77298100179959,17.880692120360976,1.896641146742638e-05,7.261114645643987e-05,7.5459566234523e-06,4.4157840076783945e-05,8.629694560520226e-06,9.809207644557905e-12,79.87987457236638,104.99954562866421,FAIL,20260828_124018,0
nsga2_20260828_124018,nsga2,4,80,9.007113202866805,16.623381510357703,18.146699974618517,1.896641146742638e-05,8.057260379441704e-05,2.2703524492572677e-06,4.167571920863277e-05,2.7797766888584736e-06,9.809207644557905e-12,87.02592781738298,120.49776109720631,PASS,20260828_124018,0
nsga2_20260828_124201,nsga2,1,20,3.1062092524234535,16.77298100179959,17.880692120360976,1.896641146742638e-05,7.261114645643987e-05,7.5459566234523e-06,4.4157840076783945e-05,8.629694560520226e-06,9.809207644557905e-12,79.87987824911093,104.99867775430278,FAIL,20260828_124201,0
nsga2_20260828_124201,nsga2,2,40,3.1062092524234535,16.77298100179959,17.880692120360976,1.896641146742638e-05,7.261114645643987e-05,7.5459566234523e-06,4.4157840076783945e-05,8.629694560520226e-06,9.809207644557905e-12,79.87987824911093,104.99867775430278,FAIL,20260828_124201,0
nsga2_20260828_124201,nsga2,3,60,6.272966629600457,9.693619715492229,15.591614819057336,4.437368355254475e-05,5.250422785899477e-05,9.97112106890338e-06,5.5491699778890305e-05,3.905288352463714e-06,2.5534063413595052e-12,79.34,141.39999999999998,FAIL,20260828_124201,1
nsga2_20260828_124201,nsga2,4,80,3.647676483488625,17.062234306938354,5.367743274858705,2.9056107657861888e-05,3.0992466695002885e-05,4.16161096600624e-06,6.350012077884149e-05,3.591068432508609e-06,3.541901654482116e-12,85.23882979316035,139.79330766230322,PASS,20260828_124201,0
nsga2_20260903_012903,nsga2,1,5,6.260932876862046,4.05238816672741,19.42858285110652,2.594860870172957e-05,1.18518015633358e-05,6.423152677606254e-06,7.77353064999271e-05,6.323531360003884e-06,9.255679343118123e-12,70.3,104.3,FAIL,20260903_012903,1
nsga2_20260904_232554,nsga2,1,2,1.523623151618299,15.316749064821325,11.224722951166287,1.668766631000488e-05,7.890634173181191e-05,3.3803508782706268e-06,4.5513739581220955e-05,1.7733961238480651e-06,4.628016878024163e-12,49.59,96.93,FAIL,20260904_232554,1
nsga2_20260904_232554,nsga2,2,4,1.523623151618299,15.107509859180043,11.032636563258935,4.769340108907466e-05,2.994900361173417e-05,3.3803508782706268e-06,4.5513739581220955e-05,1.7733961238480651e-06,6.063717857072026e-12,60.79,110.3,FAIL,20260904_232554,1
nsga2_20260904_232820,nsga2,1,20,3.140024247115047,1.3783042279110085,16.82694231957999,5.240732561252247e-06,4.5223278194510685e-05,5.140736444297709e-06,6.214115911584116e-05,5.288137582815168e-06,9.436088293560713e-12,43.88,133.8,FAIL,20260904_232820,1
nsga2_20260904_232820,nsga2,2,40,3.140024247115047,1.3783042279110085,16.82694231957999,5.240732561252247e-06,4.5223278194510685e-05,5.140736444297709e-06,6.214115911584116e-05,5.288137582815168e-06,9.436088293560713e-12,43.88,133.8,FAIL,20260904_232820,1
nsga2_20260904_233403,nsga2,1,20,3.140024247115047,1.3783042279110085,16.82694231957999,5.240732561252247e-06,4.5223278194510685e-05,5.140736444297709e-06,6.214115911584116e-05,5.288137582815168e-06,9.436088293560713e-12,43.88,133.8,FAIL,20260904_233403,1
nsga2_20260904_233403,nsga2,2,40,5.640489245505074,9.369585856225253,2.181737721663813,3.5819823253274833e-05,4.286402196497126e-05,6.88760874030404e-06,9.041849545281296e-05,1.0646312216410735e-06,2.881537472394812e-12,44.20725664253367,136.94422513675946,FAIL,20260904_233403,0
nsga2_20260904_234028,nsga2,1,20,3.140024247115047,1.3783042279110085,16.82694231957999,5.240732561252247e-06,4.5223278194510685e-05,5.140736444297709e-06,6.214115911584116e-05,5.288137582815168e-06,9.436088293560713e-12,43.88,133.8,FAIL,20260904_234028,1
nsga2_20260904_234028,nsga2,2,40,3.140024247115047,1.3783042279110085,16.82694231957999,5.240732561252247e-06,4.5223278194510685e-05,5.140736444297709e-06,6.214115911584116e-05,5.288137582815168e-06,9.436088293560713e-12,43.88,133.8,FAIL,20260904_234028,1
nsga2_20260904_234917,nsga2,1,5,6.260932876862046,4.05238816672741,19.42858285110652,2.594860870172957e-05,1.18518015633358e-05,6.423152677606254e-06,7.77353064999271e-05,6.323531360003884e-06,9.255679343118123e-12,70.3,104.3,FAIL,20260904_234917,1
nsga2_20260904_234917,nsga2,2,10,4.865649572846843,5.983953468395141,19.297309266630315,2.58641098353348e-05,4.867354015083401e-05,6.835364727392012e-06,9.617722220827954e-05,7.364544609042903e-06,5.871041699926908e-12,69.21,121.80000000000001,FAIL,20260904_234917,1
nsga2_20260904_234917,nsga2,3,15,6.2602870198512,4.052078510565102,15.437238063909444,2.594860870172957e-05,1.18518015633358e-05,6.740812347186168e-06,7.77353064999271e-05,6.323531360003884e-06,9.255679343118123e-12,76.62,134.6,FAIL,20260904_234917,1
nsga2_20260904_234917,nsga2,4,20,6.2602870198512,4.052078510565102,15.437238063909444,2.594860870172957e-05,1.18518015633358e-05,6.740812347186168e-06,7.77353064999271e-05,6.323531360003884e-06,9.255679343118123e-12,76.62,134.6,FAIL,20260904_234917,1
nsga2_20260904_234917,nsga2,5,25,4.890338096737728,5.946356397667664,15.778393222391696,2.58641098353348e-05,3.898873375044416e-05,7.947452691513881e-06,7.757098764640686e-05,7.364544609042903e-06,9.255197915593779e-12,83.91,140.39999999999998,FAIL,20260904_234917,1
nsga2_20260904_235520,nsga2,1,15,6.260932876862046,4.05238816672741,19.42858285110652,2.594860870172957e-05,1.18518015633358e-05,6.423152677606254e-06,7.77353064999271e-05,6.323531360003884e-06,9.255679343118123e-12,70.3,104.3,FAIL,20260904_235520,1
nsga2_20260904_235520,nsga2,2,30,6.260932876862046,4.05238816672741,19.42858285110652,2.594860870172957e-05,1.18518015633358e-05,6.423152677606254e-06,7.77353064999271e-05,6.323531360003884e-06,9.255679343118123e-12,70.3,104.3,FAIL,20260904_235520,1
nsga2_20260904_235520,nsga2,3,45,6.260932876862046,4.05238816672741,19.42858285110652,2.594860870172957e-05,1.18518015633358e-05,6.423152677606254e-06,7.77353064999271e-05,6.323531360003884e-06,9.255679343118123e-12,70.3,104.3,FAIL,20260904_235520,1
nsga2_20260904_235520,nsga2,4,60,6.260932876862046,4.05238816672741,19.42858285110652,2.594860870172957e-05,1.18518015633358e-05,6.423152677606254e-06,7.77353064999271e-05,6.323531360003884e-06,9.255679343118123e-12,70.3,104.3,FAIL,20260904_235520,1
nsga2_20260904_235520,nsga2,5,75,6.259768111024644,4.05238816672741,19.42858285110652,2.594860870172957e-05,9.639915457641803e-06,6.423152677606254e-06,7.574776706606997e-05,6.653699807389542e-06,9.255679343118123e-12,74.08413931786916,103.51855060974084,FAIL,20260904_235520,0
nsga2_20260905_000156,nsga2,1,15,6.260932876862046,4.05238816672741,19.42858285110652,2.594860870172957e-05,1.18518015633358e-05,6.423152677606254e-06,7.77353064999271e-05,6.323531360003884e-06,9.255679343118123e-12,70.3,104.3,FAIL,20260905_000156,1
nsga2_20260905_000156,nsga2,2,30,4.876760768904629,4.075528666317029,19.606827050106425,2.968233840367197e-05,1.18518015633358e-05,6.604405525989224e-06,7.77353064999271e-05,6.323531360003884e-06,9.255679343118123e-12,70.9304645645875,104.11358929553458,FAIL,20260905_000156,0
nsga2_20260905_000156,nsga2,3,45,6.09532433535391,13.447037743729968,9.193308226770718,4.425967274829758e-05,1.2011696307332449e-05,8.186391190997482e-06,3.441841790098156e-05,6.3775749313059665e-06,9.25485147680142e-12,65.00981922669848,113.18818551757494,FAIL,20260905_000156,0
nsga2_20260905_000156,nsga2,4,60,4.876760768904629,4.077537917782132,14.99009312409561,2.5343061063541547e-05,1.1242808158731898e-05,6.6127281600481605e-06,7.77353064999271e-05,6.323531360003884e-06,9.255679343118123e-12,69.32511413995127,111.549145732593,FAIL,20260905_000156,0
nsga2_20260905_000156,nsga2,5,75,4.8267497498512775,4.079400918262366,15.088755917412415,2.5343061063541547e-05,1.1242808158731898e-05,6.6127281600481605e-06,7.77353064999271e-05,7.590566006238743e-06,9.255679343118123e-12,77.47365617912138,111.31383466685553,FAIL,20260905_000156,0
nsga2_20260905_000736,nsga2,1,15,6.260932876862046,4.05238816672741,19.42858285110652,2.594860870172957e-05,1.18518015633358e-05,6.423152677606254e-06,7.77353064999271e-05,6.323531360003884e-06,9.255679343118123e-12,70.3,104.3,FAIL,20260905_000736,1
nsga2_20260905_000736,nsga2,2,30,5.762825264288743,5.095766215123221,7.21610660487073,2.5867829595634926e-05,1.3647266076580287e-05,5.978647304403044e-06,7.877487895216757e-05,7.859309281775453e-06,8.120205533555246e-12,69.49913387078261,112.2319043516629,FAIL,20260905_000736,0
nsga2_20260905_000736,nsga2,3,45,5.762825264288743,5.095766215123221,7.21610660487073,2.5867829595634926e-05,1.3647266076580287e-05,5.978647304403044e-06,7.877487895216757e-05,7.859309281775453e-06,8.120205533555246e-12,69.49913387078261,112.2319043516629,FAIL,20260905_000736,0
nsga2_20260905_000736,nsga2,4,60,6.319581584239338,4.149280986429992,19.676642440966685,2.6295496725112382e-05,1.3452300353721087e-05,6.299875238193462e-06,9.590173436127416e-05,6.97525383409842e-06,5.951526087811166e-12,58.56999999999999,125.6,FAIL,20260905_000736,1
nsga2_20260905_000736,nsga2,5,75,14.891922233791925,3.490595353847721,6.373801081895494,1.1290387968421314e-05,5.882035148317614e-05,8.262684061917942e-06,8.014166380724218e-05,6.93374799720424e-06,8.080525098998448e-12,45.74,143.60000000000002,FAIL,20260905_000736,1
nsga2_20260905_011505,nsga2,1,5,6.260932876862046,4.05238816672741,19.42858285110652,2.594860870172957e-05,1.18518015633358e-05,6.423152677606254e-06,7.77353064999271e-05,6.323531360003884e-06,9.255679343118123e-12,70.3,104.3,FAIL,20260905_011505,1
nsga2_20260905_011505,nsga2,2,10,4.865649572846843,5.983953468395141,19.297309266630315,2.58641098353348e-05,4.867354015083401e-05,6.835364727392012e-06,9.617722220827954e-05,7.364544609042903e-06,5.871041699926908e-12,69.21,121.80000000000001,FAIL,20260905_011505,1
nsga2_20260905_011849,nsga2,1,15,6.260932876862046,4.05238816672741,19.42858285110652,2.594860870172957e-05,1.18518015633358e-05,6.423152677606254e-06,7.77353064999271e-05,6.323531360003884e-06,9.255679343118123e-12,70.3,104.3,FAIL,20260905_011849,1
nsga2_20260905_011849,nsga2,2,30,4.602093074596356,5.697228772337487,15.367242962634288,1.6831519289386145e-05,7.890634173181191e-05,3.3803508782706268e-06,4.5513739581220955e-05,7.459493818191605e-06,4.608796271244112e-12,59.00301307968304,112.45082056052243,FAIL,20260905_011849,0
nsga2_20260905_012313,nsga2,1,15,6.260932876862046,4.05238816672741,19.42858285110652,2.594860870172957e-05,1.18518015633358e-05,6.423152677606254e-06,7.77353064999271e-05,6.323531360003884e-06,9.255679343118123e-12,70.3,104.3,FAIL,20260905_012313,1
nsga2_20260905_012313,nsga2,2,30,6.260932876862046,4.05238816672741,19.42858285110652,2.594860870172957e-05,1.18518015633358e-05,6.423152677606254e-06,7.77353064999271e-05,6.323531360003884e-06,9.255679343118123e-12,70.3,104.3,FAIL,20260905_012313,1
nsga2_20260905_012552,nsga2,1,15,6.260932876862046,4.05238816672741,19.42858285110652,2.594860870172957e-05,1.18518015633358e-05,6.423152677606254e-06,7.77353064999271e-05,6.323531360003884e-06,9.255679343118123e-12,70.3,104.3,FAIL,20260905_012552,1
nsga2_20260905_012552,nsga2,2,30,6.260932876862046,4.05238816672741,19.42858285110652,2.594860870172957e-05,1.18518015633358e-05,6.423152677606254e-06,7.77353064999271e-05,6.323531360003884e-06,9.255679343118123e-12,70.3,104.3,FAIL,20260905_012552,1
nsga2_20260905_012851,nsga2,1,15,6.260932876862046,4.05238816672741,19.42858285110652,2.594860870172957e-05,1.18518015633358e-05,6.423152677606254e-06,7.77353064999271e-05,6.323531360003884e-06,9.255679343118123e-12,70.3,104.3,FAIL,20260905_012851,1
nsga2_20260905_012851,nsga2,2,30,4.86575057053649,5.9725838039154,16.72185060332329,2.594860870172957e-05,1.2326307251010272e-05,6.423152677606254e-06,7.77353064999271e-05,6.323531360003884e-06,9.255679343118123e-12,61.96380067709444,110.53836519073499,FAIL,20260905_012851,0
nsga2_20260905_013153,nsga2,1,15,6.260932876862046,4.05238816672741,19.42858285110652,2.594860870172957e-05,1.18518015633358e-05,6.423152677606254e-06,7.77353064999271e-05,6.323531360003884e-06,9.255679343118123e-12,70.3,104.3,FAIL,20260905_013153,1
nsga2_20260905_013153,nsga2,2,30,4.86575057053649,5.9725838039154,16.72185060332329,2.594860870172957e-05,1.2326307251010272e-05,6.423152677606254e-06,7.77353064999271e-05,6.323531360003884e-06,9.255679343118123e-12,62.07963417895932,110.53818130500501,FAIL,20260905_013153,0
nsga2_20260905_013445,nsga2,1,15,6.260932876862046,4.05238816672741,19.42858285110652,2.594860870172957e-05,1.18518015633358e-05,6.423152677606254e-06,7.77353064999271e-05,6.323531360003884e-06,9.255679343118123e-12,70.3,104.3,FAIL,20260905_013445,1
nsga2_20260905_013445,nsga2,2,30,7.6848523718636255,5.960812968809175,15.068779324105725,2.5884063797181813e-05,1.3818524861499198e-05,6.423152677606254e-06,7.655869923768294e-05,6.323531360003884e-06,9.255679343118123e-12,63.75772360280719,109.37395815717052,FAIL,20260905_013445,0
nsga2_20260905_013920,nsga2,1,15,6.260932876862046,4.05238816672741,19.42858285110652,2.594860870172957e-05,1.18518015633358e-05,6.423152677606254e-06,7.77353064999271e-05,6.323531360003884e-06,9.255679343118123e-12,70.3,104.3,FAIL,20260905_013920,1
nsga2_20260905_013920,nsga2,2,30,4.86575057053649,5.9725838039154,16.72185060332329,2.594860870172957e-05,1.2326307251010272e-05,6.423152677606254e-06,7.77353064999271e-05,6.323531360003884e-06,9.255679343118123e-12,61.9670764669602,110.53726158064161,FAIL,20260905_013920,0
nsga2_20260905_014229,nsga2,1,30,3.4247930434253226,5.227630452979176,11.678980211894478,1.957212504810091e-05,7.922812369735694e-05,6.248797598136387e-06,8.616828847326331e-05,7.457427954593243e-06,6.416411029827084e-12,65.72,127.7,FAIL,20260905_014229,1
nsga2_20260905_014229,nsga2,2,60,3.4247930434253226,5.227630452979176,11.678980211894478,1.957212504810091e-05,7.922812369735694e-05,6.248797598136387e-06,8.616828847326331e-05,7.457427954593243e-06,6.416411029827084e-12,65.72,127.7,FAIL,20260905_014229,1
nsga2_20260905_014229,nsga2,3,90,3.4247930434253226,5.227630452979176,11.678980211894478,1.957212504810091e-05,7.922812369735694e-05,6.248797598136387e-06,8.616828847326331e-05,7.457427954593243e-06,6.416411029827084e-12,65.72,127.7,FAIL,20260905_014229,1
nsga2_20260905_014229,nsga2,4,120,3.0779240808342325,4.68981962531892,6.358148171070182,4.7619173055659205e-05,3.138723592227712e-05,5.203676432591941e-06,9.678768494805244e-05,2.2758984486844704e-06,8.218394250934251e-12,83.95079710254856,141.80044455717058,FAIL,20260905_014229,0
nsga2_20260905_140342,nsga2,1,5,10.724610869304877,19.05881023019277,3.739032641673041,4.7447877522721014e-05,3.13895957654454e-05,4.521601265239469e-06,8.282194860389804e-05,4.387391795507032e-06,5.946343189057535e-12,nan,nan,FAIL,20260905_140342,1
nsga2_20260905_140342,nsga2,2,10,1.6741171839133737,15.235471007269595,18.7460144276495,2.4823788442794162e-05,1.18518015633358e-05,3.440405701368016e-06,7.77353064999271e-05,6.323531360003884e-06,9.255679343118123e-12,nan,nan,FAIL,20260905_140342,1
nsga2_20260905_140452,nsga2,1,5,10.724610869304877,19.05881023019277,3.739032641673041,4.7447877522721014e-05,3.13895957654454e-05,4.521601265239469e-06,8.282194860389804e-05,4.387391795507032e-06,5.946343189057535e-12,nan,nan,FAIL,20260905_140452,1
nsga2_20260905_140452,nsga2,2,10,1.6741171839133737,15.235471007269595,18.7460144276495,2.4823788442794162e-05,1.18518015633358e-05,3.440405701368016e-06,7.77353064999271e-05,6.323531360003884e-06,9.255679343118123e-12,nan,nan,FAIL,20260905_140452,1
nsga2_20260905_142002,nsga2,1,5,10.724610869304877,19.05881023019277,3.739032641673041,4.7447877522721014e-05,3.13895957654454e-05,4.521601265239469e-06,8.282194860389804e-05,4.387391795507032e-06,5.946343189057535e-12,nan,nan,FAIL,20260905_142002,1
nsga2_20260905_142002,nsga2,2,10,1.6741171839133737,15.235471007269595,18.7460144276495,2.4823788442794162e-05,1.18518015633358e-05,3.440405701368016e-06,7.77353064999271e-05,6.323531360003884e-06,9.255679343118123e-12,nan,nan,FAIL,20260905_142002,1
nsga2_20260905_143113,nsga2,1,5,10.724610869304877,19.05881023019277,3.739032641673041,4.7447877522721014e-05,3.13895957654454e-05,4.521601265239469e-06,8.282194860389804e-05,4.387391795507032e-06,5.946343189057535e-12,nan,nan,FAIL,20260905_143113,1
nsga2_20260905_143113,nsga2,2,10,1.6741171839133737,15.235471007269595,18.7460144276495,2.4823788442794162e-05,1.18518015633358e-05,3.440405701368016e-06,7.77353064999271e-05,6.323531360003884e-06,9.255679343118123e-12,nan,nan,FAIL,20260905_143113,1
nsga2_20260905_143659,nsga2,1,5,10.724610869304877,19.05881023019277,3.739032641673041,4.7447877522721014e-05,3.13895957654454e-05,4.521601265239469e-06,8.282194860389804e-05,4.387391795507032e-06,5.946343189057535e-12,nan,nan,FAIL,20260905_143659,1
nsga2_20260905_143659,nsga2,2,10,1.6741171839133737,15.235471007269595,18.7460144276495,2.4823788442794162e-05,1.18518015633358e-05,3.440405701368016e-06,7.77353064999271e-05,6.323531360003884e-06,9.255679343118123e-12,nan,nan,FAIL,20260905_143659,1
nsga2_20260905_144359,nsga2,1,5,6.260932876862046,4.05238816672741,19.42858285110652,2.594860870172957e-05,1.18518015633358e-05,6.423152677606254e-06,7.77353064999271e-05,6.323531360003884e-06,9.255679343118123e-12,70.3,104.3,FAIL,20260905_144359,1
nsga2_20260905_144359,nsga2,2,10,4.865649572846843,5.983953468395141,19.297309266630315,2.58641098353348e-05,4.867354015083401e-05,6.835364727392012e-06,9.617722220827954e-05,7.364544609042903e-06,5.871041699926908e-12,69.21,121.80000000000001,FAIL,20260905_144359,1
nsga2_20260905_144752,nsga2,1,5,6.260932876862046,4.05238816672741,19.42858285110652,2.594860870172957e-05,1.18518015633358e-05,6.423152677606254e-06,7.77353064999271e-05,6.323531360003884e-06,9.255679343118123e-12,70.3,104.3,FAIL,20260905_144752,1
nsga2_20260905_144752,nsga2,2,10,4.865649572846843,5.983953468395141,19.297309266630315,2.58641098353348e-05,4.867354015083401e-05,6.835364727392012e-06,9.617722220827954e-05,7.364544609042903e-06,5.871041699926908e-12,69.21,121.80000000000001,FAIL,20260905_144752,1
nsga2_20260905_150717,nsga2,1,5,6.260932876862046,4.05238816672741,19.42858285110652,2.594860870172957e-05,1.18518015633358e-05,6.423152677606254e-06,7.77353064999271e-05,6.323531360003884e-06,9.255679343118123e-12,70.3,104.3,FAIL,20260905_150717,1
nsga2_20260905_150717,nsga2,2,10,4.865649572846843,5.983953468395141,19.297309266630315,2.58641098353348e-05,4.867354015083401e-05,6.835364727392012e-06,9.617722220827954e-05,7.364544609042903e-06,5.871041699926908e-12,69.21,121.80000000000001,FAIL,20260905_150717,1
nsga2_20260905_152019,nsga2,1,5,6.260932876862046,4.05238816672741,19.42858285110652,2.594860870172957e-05,1.18518015633358e-05,6.423152677606254e-06,7.77353064999271e-05,6.323531360003884e-06,9.255679343118123e-12,70.3,104.3,FAIL,20260905_152019,1
nsga2_20260905_152019,nsga2,2,10,4.865649572846843,5.983953468395141,19.297309266630315,2.58641098353348e-05,4.867354015083401e-05,6.835364727392012e-06,9.617722220827954e-05,7.364544609042903e-06,5.871041699926908e-12,69.21,121.80000000000001,FAIL,20260905_152019,1
nsga2_20260905_152418,nsga2,1,20,10.615233528058086,15.916620559342222,6.60512241330487,3.850795646748557e-05,5.270526345927673e-05,1.9159562220217693e-06,9.650728407477964e-05,4.315544126940916e-06,3.657108300964262e-12,47.82,125.6,FAIL,20260905_152418,1
nsga2_20260905_152418,nsga2,2,40,10.615233528058086,15.916620559342222,6.60512241330487,3.850795646748557e-05,5.270526345927673e-05,1.9159562220217693e-06,9.650728407477964e-05,4.315544126940916e-06,3.657108300964262e-12,47.82,125.6,FAIL,20260905_152418,1
nsga2_20260905_152418,nsga2,3,60,10.615233528058086,15.916620559342222,6.60512241330487,3.850795646748557e-05,5.270526345927673e-05,1.9159562220217693e-06,9.650728407477964e-05,4.315544126940916e-06,3.657108300964262e-12,47.82,125.6,FAIL,20260905_152418,1
nsga2_20260905_202339,nsga2,1,20,10.615233528058086,15.916620559342222,6.60512241330487,3.850795646748557e-05,5.270526345927673e-05,1.9159562220217693e-06,9.650728407477964e-05,4.315544126940916e-06,3.657108300964262e-12,57.32,125.6,FAIL,20260905_202339,1
nsga2_20260905_202339,nsga2,2,40,4.731886013265868,4.821756783017539,6.39232328993849,1.5912454611434417e-05,4.753864540759759e-05,5.846584995511093e-06,9.717749056928953e-05,7.859309281775453e-06,5.799846315376515e-12,89.52,153.1,PASS,20260905_202339,1
nsga2_20260905_202339,nsga2,3,60,4.731886013265868,4.821756783017539,6.39232328993849,1.5912454611434417e-05,4.753864540759759e-05,5.846584995511093e-06,9.717749056928953e-05,7.859309281775453e-06,5.799846315376515e-12,89.52,153.1,PASS,20260905_202339,1
nsga2_20260905_202339,nsga2,4,80,4.731886013265868,4.821756783017539,6.39232328993849,1.5912454611434417e-05,4.753864540759759e-05,5.846584995511093e-06,9.717749056928953e-05,7.859309281775453e-06,5.799846315376515e-12,89.52,153.1,PASS,20260905_202339,1
nsga2_20260905_204404,nsga2,1,20,10.615233528058086,15.916620559342222,6.60512241330487,3.850795646748557e-05,5.270526345927673e-05,1.9159562220217693e-06,9.650728407477964e-05,4.315544126940916e-06,3.657108300964262e-12,57.32,125.6,FAIL,20260905_204404,1
nsga2_20260905_204404,nsga2,2,40,19.679239424846678,4.05238816672741,19.399815924886823,2.53775401004893e-05,1.18518015633358e-05,6.423152677606254e-06,6.967485748907519e-05,1.8054177096212956e-06,4.1055729240508316e-12,43.16,143.4,FAIL,20260905_204404,1
nsga2_20260905_204404,nsga2,3,60,19.679239424846678,12.249507872571973,18.464356327357553,2.53775401004893e-05,8.59866252897714e-06,6.5792749460782635e-06,4.9048744006864935e-05,1.8054177096212956e-06,2.2316013865660104e-12,54.748454204118815,142.0952941602274,FAIL,20260905_204404,0
nsga2_20260905_204404,nsga2,4,80,19.679239424846678,12.249507872571973,18.464356327357553,2.53775401004893e-05,8.59866252897714e-06,6.5792749460782635e-06,4.9048744006864935e-05,1.8054177096212956e-06,2.2316013865660104e-12,54.748454204118815,142.0952941602274,FAIL,20260905_204404,0
nsga2_20260905_210058,nsga2,1,20,10.615233528058086,15.916620559342222,6.60512241330487,3.850795646748557e-05,5.270526345927673e-05,1.9159562220217693e-06,9.650728407477964e-05,4.315544126940916e-06,3.657108300964262e-12,57.32,125.6,FAIL,20260905_210058,1
nsga2_20260905_210058,nsga2,2,40,19.679239424846678,4.05238816672741,19.399815924886823,2.53775401004893e-05,1.18518015633358e-05,6.423152677606254e-06,6.967485748907519e-05,1.8054177096212956e-06,4.1055729240508316e-12,43.160162555979944,143.3993582653986,FAIL,20260905_210058,0
nsga2_20260905_210058,nsga2,3,60,19.45464229787073,4.05238816672741,19.895670152899363,2.53775401004893e-05,7.981407259302175e-05,6.446340090448165e-06,6.957302620292621e-05,2.3298036367203945e-06,8.324006544175533e-12,45.53614185540514,142.42875762279692,FAIL,20260905_210058,0
nsga2_20260905_210058,nsga2,4,80,19.86287893576313,4.05238816672741,19.49216843714567,2.53775401004893e-05,1.18518015633358e-05,6.423152677606254e-06,7.006384031311e-05,4.714103565564073e-06,4.503875656568621e-12,60.755636992840216,133.27965860129228,FAIL,20260905_210058,0
nsga2_20260905_212114,nsga2,1,20,10.615233528058086,15.916620559342222,6.60512241330487,3.850795646748557e-05,5.270526345927673e-05,1.9159562220217693e-06,9.650728407477964e-05,4.315544126940916e-06,3.657108300964262e-12,57.32,125.6,FAIL,20260905_212114,1
nsga2_20260905_212114,nsga2,2,40,4.731886013265868,4.821756783017539,6.39232328993849,1.5912454611434417e-05,4.753864540759759e-05,5.846584995511093e-06,9.717749056928953e-05,7.859309281775453e-06,5.799846315376515e-12,89.52,153.1,PASS,20260905_212114,1
nsga2_20260905_212114,nsga2,3,60,4.731886013265868,4.821756783017539,6.39232328993849,1.5912454611434417e-05,4.753864540759759e-05,5.846584995511093e-06,9.717749056928953e-05,7.859309281775453e-06,5.799846315376515e-12,89.52,153.1,PASS,20260905_212114,1
nsga2_20260905_212114,nsga2,4,80,4.731886013265868,4.821756783017539,6.39232328993849,1.5912454611434417e-05,4.753864540759759e-05,5.846584995511093e-06,9.717749056928953e-05,7.859309281775453e-06,5.799846315376515e-12,89.52,153.1,PASS,20260905_212114,1
nsga2_20260905_213641,nsga2,1,20,10.615233528058086,15.916620559342222,6.60512241330487,3.850795646748557e-05,5.270526345927673e-05,1.9159562220217693e-06,9.650728407477964e-05,4.315544126940916e-06,3.657108300964262e-12,57.32,125.6,FAIL,20260905_213641,1
nsga2_20260905_213641,nsga2,2,40,4.731886013265868,4.821756783017539,6.39232328993849,1.5912454611434417e-05,4.753864540759759e-05,5.846584995511093e-06,9.717749056928953e-05,7.859309281775453e-06,5.799846315376515e-12,89.52,153.1,PASS,20260905_213641,1
nsga2_20260905_213641,nsga2,3,60,4.731886013265868,4.821756783017539,6.39232328993849,1.5912454611434417e-05,4.753864540759759e-05,5.846584995511093e-06,9.717749056928953e-05,7.859309281775453e-06,5.799846315376515e-12,89.52,153.1,PASS,20260905_213641,1
nsga2_20260905_213641,nsga2,4,80,4.731886013265868,4.821756783017539,6.39232328993849,1.5912454611434417e-05,4.753864540759759e-05,5.846584995511093e-06,9.717749056928953e-05,7.859309281775453e-06,5.799846315376515e-12,89.52,153.1,PASS,20260905_213641,1
nsga2_20260905_215236,nsga2,1,20,10.615233528058086,15.916620559342222,6.60512241330487,3.850795646748557e-05,5.270526345927673e-05,1.9159562220217693e-06,9.650728407477964e-05,4.315544126940916e-06,3.657108300964262e-12,57.32,125.6,FAIL,20260905_215236,1
nsga2_20260905_215236,nsga2,2,40,4.731886013265868,4.821756783017539,6.39232328993849,1.5912454611434417e-05,4.753864540759759e-05,5.846584995511093e-06,9.717749056928953e-05,7.859309281775453e-06,5.799846315376515e-12,89.52,153.1,PASS,20260905_215236,1
nsga2_20260905_215236,nsga2,3,60,4.731886013265868,4.821756783017539,6.39232328993849,1.5912454611434417e-05,4.753864540759759e-05,5.846584995511093e-06,9.717749056928953e-05,7.859309281775453e-06,5.799846315376515e-12,89.52,153.1,PASS,20260905_215236,1
nsga2_20260905_215236,nsga2,4,80,4.731886013265868,4.821756783017539,6.39232328993849,1.5912454611434417e-05,4.753864540759759e-05,5.846584995511093e-06,9.717749056928953e-05,7.859309281775453e-06,5.799846315376515e-12,89.52,153.1,PASS,20260905_215236,1
nsga2_20260905_221606,nsga2,1,20,10.615233528058086,15.916620559342222,6.60512241330487,3.850795646748557e-05,5.270526345927673e-05,1.9159562220217693e-06,9.650728407477964e-05,4.315544126940916e-06,3.657108300964262e-12,57.32,125.6,FAIL,20260905_221606,1
nsga2_20260905_221606,nsga2,2,40,4.731886013265868,4.821756783017539,6.39232328993849,1.5912454611434417e-05,4.753864540759759e-05,5.846584995511093e-06,9.717749056928953e-05,7.859309281775453e-06,5.799846315376515e-12,89.52,153.1,PASS,20260905_221606,1
nsga2_20260905_221606,nsga2,3,60,4.731886013265868,4.821756783017539,6.39232328993849,1.5912454611434417e-05,4.753864540759759e-05,5.846584995511093e-06,9.717749056928953e-05,7.859309281775453e-06,5.799846315376515e-12,89.52,153.1,PASS,20260905_221606,1
nsga2_20260905_221606,nsga2,4,80,4.731886013265868,4.821756783017539,6.39232328993849,1.5912454611434417e-05,4.753864540759759e-05,5.846584995511093e-06,9.717749056928953e-05,7.859309281775453e-06,5.799846315376515e-12,89.52,153.1,PASS,20260905_221606,1
nsga2_20260910_115119,nsga2,1,5,10.230871817803992,17.900268852631005,18.746826803168744,1.808242127644079e-05,5.728152412375716e-05,3.55775921522145e-06,5.955171301090977e-05,3.710156642317766e-06,4.524571004753451e-12,67.13,112.7,FAIL,20260910_115119,1
nsga2_20260910_115119,nsga2,2,10,19.63587143674837,14.0252977051332,19.348288406014124,3.451580250937572e-05,3.756367157190732e-05,3.4930255583876e-06,7.223238751734994e-05,5.490866063519396e-06,3.792176880030601e-12,48.49,139.4,FAIL,20260910_115119,1
nsga2_20260910_115119,nsga2,3,15,19.63587143674837,14.0252977051332,19.348288406014124,3.451580250937572e-05,3.756367157190732e-05,3.4930255583876e-06,7.223238751734994e-05,5.490866063519396e-06,3.792176880030601e-12,48.49,139.4,FAIL,20260910_115119,1
nsga2_20260910_121233,nsga2,1,10,9.367165939599897,19.13721938012401,10.498020460065293,2.1433862654999053e-05,6.213528116593316e-05,9.953416799735579e-06,9.490968439129519e-05,4.870428823436413e-06,7.819559607774623e-12,82.52,128.3,FAIL,20260910_121233,1
nsga2_20260910_121233,nsga2,2,20,9.367165939599897,19.13988621753205,10.498020460065293,2.1433862654999053e-05,6.213528116593316e-05,9.726903704499425e-06,6.84661911461126e-05,4.870428823436413e-06,7.762606639789824e-12,82.46,152.5,FAIL,20260910_121233,1
nsga2_20260910_121233,nsga2,3,30,9.367165939599897,19.13988621753205,10.498020460065293,2.1433862654999053e-05,6.213528116593316e-05,9.726903704499425e-06,6.84661911461126e-05,4.870428823436413e-06,7.762606639789824e-12,82.46,152.5,FAIL,20260910_121233,1
nsga2_20260910_122006,nsga2,1,10,9.367165939599897,19.13721938012401,10.498020460065293,2.1433862654999053e-05,6.213528116593316e-05,9.953416799735579e-06,9.490968439129519e-05,4.870428823436413e-06,7.819559607774623e-12,82.52,128.3,FAIL,20260910_122006,1
nsga2_20260910_122006,nsga2,2,20,9.367165939599897,19.13988621753205,10.498020460065293,2.1433862654999053e-05,6.213528116593316e-05,9.726903704499425e-06,6.84661911461126e-05,4.870428823436413e-06,7.762606639789824e-12,82.459129968356,152.49954765105056,FAIL,20260910_122006,0
nsga2_20260910_122006,nsga2,3,30,9.367165939599897,19.33738657261278,10.498020460065293,2.1433862654999053e-05,6.213528116593316e-05,9.726903704499425e-06,6.83405283517971e-05,4.875145717084851e-06,7.762606639789824e-12,83.1433561581471,152.557788143188,FAIL,20260910_122006,0
